"Brand","Project count"
"Knit Picks",28717
"Cascade Yarns",28265
"Lion Brand",26280
"Red Heart",21977
"madelinetosh",18823
"Malabrigo Yarn",18613
"Garnstudio",17618
"Berroco",11910
"Caron",11714
"Rowan",11161
"Patons North America",10794
"Bernat",10730
"Plymouth Yarn",8240
"Wollmeise",8144
"Loops & Threads",8066
"Hobby Lobby",6231
"Lily",5900
"Noro",5803
"Lana Grossa",5693
"Debbie Bliss",4935
"The Plucky Knitter",4609
"Lang Yarns",4501
"Premier Yarns",4346
"Schoppel-Wolle",4215
"Stylecraft",4049
"Zwerger Garn",3840
"Brown Sheep",3839
"Sirdar",3670
"Regia",3628
"Manos del Uruguay",3519
"Classic Elite Yarns",3414
"Lorna's Laces",3343
"Novita",3228
"Dream in Color",3179
"Sandnes Garn",3033
"Katia",2786
"Miss Babs",2621
"Quince and Co.",2609
"Blue Moon Fiber Arts",2556
"Ella Rae",2346
"Ístex",2177
"Zitron",2172
"Universal Yarn",2152
"Araucania",2136
"King Cole",2134
"Valley Yarns",2123
"Shibui Knits",2098
"Phildar",2081
"Schachenmayr Regia",1919
"Schachenmayr nomotta",1906
"HiKoo by skacel",1841
"James C. Brett",1838
"Blue Sky Alpacas",1821
"Rico Design",1783
"Bendigo Woollen Mills",1775
"Holst Garn",1756
"ONline",1670
"SweetGeorgia Yarns",1604
"Juniper Moon Farm",1593
"Crystal Palace Yarns",1590
"Schachenmayr original",1480
"Yarn Bee",1443
"Alize",1431
"Koigu",1418
"Bergère de France",1373
"Louisa Harding",1339
"Pisgah Yarn & Dyeing Co., Inc",1296
"The Fibre Company",1282
"Filatura Di Crosa",1261
"Brooklyn Tweed",1248
"Sublime Yarns",1246
"Hayfield",1236
"Misti Alpaca",1230
"Tanis Fiber Arts",1207
"Stonehedge Fiber Mill",1145
"Moda Vera",1141
"Mirasol Yarn",1136
"Schachenmayr SMC",1135
"Anzula",1127
"Aunt Lydia's",1100
"Spud & Chloë",1090
"Fyberspates",1089
"Handmaiden Fine Yarn",1075
"Schoeller+Stahl",1067
"Dale Garn",1064
"Elsebeth Lavold",1061
"Four Seasons Gründl",1051
"DMC",1037
"Ice Yarns",1027
"ColourMart",1022
"Wendy",1016
"Patons UK",1012
"Knit One, Crochet Too",1003
"Wolle Rödel",993
"Hazel Knits",978
"Austermann",974
"Three Irish Girls",952
"Rauma",949
"Kauni",935
"Tahki Yarns",935
"Patons Australia",917
"Adriafil",899
"Isager Strik",894
"Hjertegarn",889
"Viking of Norway",877
"Järbo Garn",852
"Posh Yarn",804
"Queensland Collection",797
"Tausendschön",794
"Fleece Artist",774
"Gjestal",773
"Cleckheaton",766
"Jamieson & Smith",765
"Mosaic Moon",765
"Frog Tree",760
"Louet",746
"Colinette",742
"Jamieson's",740
"Filcolana",734
"Pierrot Yarns",717
"Kraemer Yarns",712
"Peaches & Creme",711
"Jojoland",697
"Neighborhood Fiber Co.",695
"elann.com",691
"Baby Bee",687
"Mountain Colors",683
"Zeeman",674
"The Verdant Gryphon ",672
"Dragonfly Fibers ",671
"Jo-Ann Sensations",656
"Garnudsalg",647
"Knitwhits Freia Handpaints",631
"Diamond",621
"Scheepjes",621
"Swans Island",618
"Artyarns",613
"Mary Maxim",609
"Du Store Alpakka",602
"Drachenwolle",600
"Zen Yarn Garden",599
"Shalimar Yarns ",596
"YarnArt",588
"Knitting Fever",585
"DyeForYarn",582
"Briggs & Little",576
"Wisdom Yarns",573
"Artesano",569
"BC Garn",554
"Hedgehog Fibres",550
"Cheval Blanc",547
"Baah!",533
"Schulana",529
"Woll Butt",528
"Cherry Tree Hill Yarn",520
"Naturally",519
"Desert Vista Dyeworks",511
"Pickles",506
"Mrs Crosby",502
"Indigodragonfly",499
"Purl Soho",492
"Reynolds",491
"Done Roving Yarns",488
"The Knitting Goddess UK",479
"The Uncommon Thread",478
"Frabjous Fibers",477
"The Sanguine Gryphon ",475
"Skein ",472
"Claudia Hand Painted Yarns",469
"Dibadu",465
"Vendita",464
"SuperGarne",454
"ITO",451
"Wibra",442
"Aade Lõng",435
"Marks & Kattens",435
"Black Trillium Fibre Studio",434
"Wolle's Yarn Creations",432
"Robin",423
"Nerd Girl Yarns",420
"Aslan Trends",419
"Lotus (Trendsetter)",419
"FibraNatura",418
"Geilsk",418
"Grignasco",416
"West Yorkshire Spinners",409
"Purl Essence",408
"Sunshine Yarns",405
"Biscotte & Cie",400
"Svarta Fåret",396
"Knitted Wit",394
"Stitch Nation by Debbie Stoller",392
"100Farbspiele",391
"fairAlpaka",390
"Filace",388
"4 Seasons",387
"Cephalopod Yarns",385
"Julie Asselin",384
"Morris & Sons",382
"Willow Yarns",381
"GnomeAcres",380
"Hamanaka",378
"SMC Select",376
"Trendsetter Yarns",373
"Lana Gatto",366
"Must Stash Yarn & Fiber",366
"(Vi)laines",356
"Zealana",356
"Zauberwiese",354
"The Unique Sheep",353
"String Theory Hand Dyed Yarn",347
"South West Trading Company",345
"Habu Textiles",341
"Jade Sapphire",340
"fonty",338
"Jill Draper Makes Stuff",337
"Estelle ",334
"GGH",328
"Pehorka Пехорка",328
"Lanas Stop",324
"Eden Cottage Yarns",318
"Hobbycraft Valuecrafts",318
"MillaMia",318
"Crelando",316
"Pagewood Farm",315
"Sundara Yarn",314
"Imperial Yarn",311
"Blue Heron",310
"NaturallyCaron.com",310
"Keito-Zakka Stores",308
"baa ram ewe",305
"Dornröschen-Wolle",304
"Canon Hand Dyes",303
"Rosy Green Wool",303
"Mondial",301
"Nashua Handknits",300
"Harrisville Designs",299
"WOOLFOLK",299
"Feederbrook Farm",298
"Countess Ablaze",296
"Kollage Yarns",296
"Knitlob's Lair",294
"Nako",293
"Skeinz",291
"Peace Fleece",289
"Jo Sharp",288
"Jaeger",287
"Pingouin",287
"Western Sky Knits",285
"De Rerum Natura",284
"Zettl",282
"Cygnet",281
"Old Maiden Aunt",281
"Fibernymph Dye Works",279
"Herrschners",276
"Karabella Yarns",275
"Schachenmayr select",272
"Rellana Garne",271
"TLC",271
"Twisted Fiber Art",270
"JaggerSpun",269
"Lincraft",269
"Mission Falls",264
"Turtlepurl Yarns",264
"Colour Adventures",263
"Woolcraft",262
"Alchemy: Yarns of Transformation",261
"Craft Smart",261
"Gedifra",258
"Stunning String Studio",258
"H&W Comfort-Wolle",256
"Panda",256
"S.R. Kertzer",255
"Sweet Fiber Yarns",252
"Vita",252
"Blacker Yarns",249
"Lammy Yarns",249
"magasin Duett",249
"String Theory Colorworks",249
"Himalaya El Örgü İplikleri",248
"Northbound Knitting",247
"Per Tryving",246
"Prism",246
"Abuelita Yarns",244
"Puppy",244
"Easyknits.co.uk",234
"Frau-Odersocke",232
"A Verb for Keeping Warm",231
"La Droguerie",230
"Holiday Yarns ",227
"Omega",224
"The Alpaca Yarn Co.",224
"Phentex",223
"Skein Queen",223
"teetee",223
"White Birch Fiber Arts",222
"Green Mountain Spinnery",221
"S. Charles Collezione",221
"Wool and the Gang",219
"O-Wool",218
"WOLLkenSchaf",217
"Anchor",213
"Farbularasa",213
"Bella Baby",211
"Leading Men Fiber Arts",210
"Abstract Fiber",209
"Shepherd",207
"Elle",206
"the periwinkle sheep",205
"Ancient Arts Fibre Crafts",204
"Fiber Optic Yarns",204
"Spirit Trail Fiberworks",203
"BBB filati",202
"Euro Baby",202
"Moda Dea",202
"caterpillargreen yarns",201
"Plassard",199
"Twilleys of Stamford",198
"Handu",196
"Heirloom",195
"Rozetti Yarns",195
"Feza Yarns",194
"Knitcircus",194
"Sincere Sheep",193
"Dancing Dog Dyeworks",192
"Trysil Garn",191
"Bare Naked Wools",189
"Rosários 4",189
"Gynx Yarns",188
"Pro Lana",186
"The Cyborg's Craft Room",186
"Vintage Purls",186
"The Woolen Rabbit",185
"Lichtfaden",183
"Ullcentrum",183
"Wollträume",183
"YOTH Yarns",183
"ONION knit",182
"Kampes",181
"Lane Cervinia",180
"Hifa",179
"Studio Donegal",177
"The Loopy Ewe",177
"Vice",177
"Sun Valley Fibers ",176
"Solstice Yarns",175
"Yarn Love",175
"Schaefer Yarn Company",174
"New Lanark ",173
"Shilasdair",173
"Steinbach Wolle",172
"Coats",171
"Knitters Brewing Company",171
"Outlaw Yarn",171
"A Hundred Ravens",169
"Annell",169
"Expression Fiber Arts",169
"John Arbon Textiles",168
"Atelier Zauberelfe",166
"Anny Blatt",164
"Fiesta Yarns",164
"Filatura Lanarota ",164
"Red Riding Hood Yarns",164
"The Yarns of Rhichard Devrieze",164
"fiberstory",163
"DyeForWool",161
"WalkCollection",161
"JulieSpins",159
"Spun Right Round",159
"Pepperberry Knits ",158
"Bijou Spun by Bijou Basin Ranch",154
"Jarol ",154
"Squoosh Fiberarts",154
"Seam",153
"Wollgarnspinnerei Ferner",152
"Fishknits",151
"The Natural Dye Studio",151
"Tess' Designer Yarns",148
"Kirkton House",147
"Quaere Fibre",146
"Sesia",146
"Sunrise Fiber Co.",146
"Søstrene Grene",146
"Spincycle Yarns",145
"Briar Rose Fibers",144
"Etherische Öle und Mehr",144
"Lanitium ex Machina",144
"Troitsk Yarn",144
"Baruffa",143
"Alpaca with a Twist",142
"Madame Tricote Paris",142
"Moscow Yarn Company",142
"Phydeaux Yarn",142
"Into The Whirled ",141
"Stitch Studio by Nicole",141
"Nøstebarn",140
"Wool2dye4",140
"Apple Tree Knits",139
"Fresh From the Cauldron",139
"Brunswick",138
"G-B Wolle",137
"RichMore",137
"Kismet Fiber Works ",136
"Lisa Souza",136
"Simply Socks Yarn Company",136
"Illimani Yarn",135
"Knitterly Things",135
"Lilou",135
"Brooks Farm Yarn",134
"Greta and the fibers",134
"SpaceCadet ",134
"The Copper Corgi Fiber Studio",134
"Bartlettyarns",133
"Cisne",133
"Interlacements",133
"Alice Starmore",131
"Barking Dog",131
"Erika Knight ",131
"Ripples Crafts Hand Dyed Yarns",131
"Galler Yarns",130
"Mayflower",130
"J&P Coats",129
"Junghans Wolle",129
"Lollipop Yarn",129
"FGS Corporation",128
"Highland Handmades",127
"Voolenvine Yarns",127
"Invictus Yarns",126
"Be Sweet",125
"Canan",123
"Graine de laine",122
"Unwind Yarn Company",122
"Tiger",121
"Uschi Wolle",121
"EL. D. Mouzakis",120
"Fancy Image Yarn",120
"Fiddle Knits",120
"Laines du Nord",120
"Marigoldjen Yarns",120
"Punta Yarns",120
"The Lemonade Shop",120
"Touch Yarns",120
"Nice & Knit",118
"Oh! Loops",118
"Skeino",118
"J C Rennie",117
"Tivoli",117
"Midara",116
"Juno Fibre Arts",115
"Becoming Art",114
"Ewe Ewe Yarns",114
"Grant Creek Yarns",114
"Great Adirondack Yarn Co.",113
"Hemp for Knitting",113
"Lineapiu Group",113
"PondeRosa",113
"Circulo Yarns",112
"Fischer Wolle",111
"Nurturing Fibres",111
"Aldi / Hofer",110
"Indiecita",110
"Pandia's Jewels Hand Dyed Yarn & Fiber",110
"Pirkanmaan kotityö",110
"Hasegawa Corporation",109
"Another Crafty Girl",108
"Bremont",108
"Ginger's Hand Dyed",108
"wollerey",108
"Yarn Hollow",108
"100purewool",107
"Finkhof",107
"HPKY (Hand Painted Knitting Yarns)",107
"MinkYarn.com",107
"Big Bad Wool",106
"Hoooked",106
"Wollfactory",106
"Beaverslide Dry Goods",105
"Bouton d'Or",105
"Barka",104
"Luna Grey Fiber Arts",104
"Ornaghi Filati ",104
"Blue Ridge Yarns",103
"Fable Fibers",103
"REPUBLIC of WOOL",103
"Spar Kjøp",103
"TOFT",102
"Buffalo Wool Company",101
"Cestari",100
"Permin",100
"Stray Cat Socks",100
"Netto",99
"Palouse Yarn Company",99
"Shelridge Yarns",99
"Daiso",98
"Feria",97
"Henry's Attic",97
"Dark Horse Yarns",96
"Debbie Macomber Blossom Street Collection",96
"Knit Collage",96
"Rasmilla",96
"Unplanned Peacock Studio",95
"we are knitters",95
"welthase",95
"Diakeito",94
"Kettle Yarn Co.",94
"Elemental Affects",93
"Nomadic Yarns",93
"Orange Flower",93
"Strikkebogen.dk",93
"Vlnap a.s.",93
"Pigeonroof Studios",92
"Wooly Wonka Fibers",92
"Candy Skein",91
"Meraki Studio NZ",91
"Trailing Clouds",91
"Wollbonbon",91
"Blackberry Ridge",90
"Hamburger Wollfabrik",90
"sparkleduck",90
"The Fiber Seed",90
"Triskelion",89
"Bumblebirch",88
"Carnival ",88
"Marriner",88
"Rial s.n.c.",88
"Sophie's Toes",88
"fivemoons",87
"Americo Original",86
"Ashford",86
"Duck Duck Wool",86
"Morehouse Farm Merino",86
"Knoll Yarns",85
"Peter Pan",85
"Sheepy Time Knits",85
"Yarn Ink",85
"Alpha B Yarn",84
"Knitting Essentials",84
"Navia",84
"Schewe",84
"Yarnfair",84
"Crucci",83
"Gale's Art",83
"handgefaerbt.com",83
"Silke by Arvier",83
"Twist, Yarns of Intrigue",83
"Augustbird",82
"Malsen og Mor",82
"Jenny Watson",81
"Mellifera Yarns",81
"Supernatural Yarns",81
"Teksrena",81
"Wandering Wool",81
"Wollelfe",81
"Knitsch Yarns",80
"Max Gründl",80
"Östergötlands Ullspinneri ",80
"Tilli Tomas",80
"di.Vé",79
"Dirty Water DyeWorks",79
"Dundaga",79
"ElleNor",79
"Miss Click Clack",79
"Lanartus",78
"numma numma",78
"Filtes King",77
"Grinning Gargoyle",77
"Halcyon Yarn",77
"Play at Life Fiber Arts",77
"Belday Home",76
"Dublin Dye",76
"Fashion Plus",76
"LAMANA",76
"716knit",75
"Artfibers",75
"Delicious Yarns",75
"Donegal Yarns",75
"FibroFibers",75
"Filature du Valgaudemar",74
"Kate Wright Designs",74
"Made in America Yarns",74
"Olympus",74
"See Jayne Knit",74
"Artful Yarns",73
"Euro Yarns",73
"Mountain Meadow Wool ",73
"Polka Dot Sheep",73
"Schmutzerella Yarns",73
"Vinnis Colours",73
"Zaubergloeckchen",73
"Clara Yarn",72
"Kurtenbach",72
"Sunday Knits",72
"The Yarn Yard",72
"HauteKnitYarn",71
"Hopeasäie",71
"Riverside Studio",71
"StahlSche Wolle",71
"Vermont Organic Fiber Company",71
"Alexandra's Crafts",70
"les laines du scarabée",70
"Poundstretcher",70
"RainCityKnits ☂",70
"Farmhouse Yarns",69
"Lanoso",69
"WOOLganic",69
"Darn Good Yarn",68
"Ironstone",68
"Kirov Yarn Mills",68
"Lakes Yarn and Fiber",68
"Mary Gavan Yarns",68
"Spunky Eclectic",68
"Studio June Yarn",68
"Ulli's Wollzauber",68
"Yarna",68
"Fiddlesticks Knitting",67
"Island Yarn",67
"Newton's Yarn Country ",67
"Shirley Brian Yarns",67
"UKI Supreme Corp.",67
"Factory Mill Ends Canada",66
"Kartopu",66
"monika design ",66
"Bad Amy Knits",65
"Fab Funky Fibres",65
"Magpie Fibers",65
"Snaeldan",65
"Bella Lana",64
"Bumbo",64
"Design.club.dk",64
"Farbwechsel",64
"FeatherBrush Yarns",64
"Infinite Twist",64
"Life in the Long Grass",64
"Maddison",64
"MaggiKnits",64
"Oink Pigments",64
"Reywa Fibers",64
"Wol met Verve",64
"Abi Grasso",63
"Dyeabolical",63
"Froehlich Wolle",63
"Huckleberry Knits",63
"Tumbleweed Yarn",63
"wolle-und-mehr  ",63
"Wollium",63
"YarnStories",63
"Dizzy Blonde Studios",62
"Garn Garagen",62
"Indigo Moon",62
"Little Plum Yarn",62
"Pandoras StrickTick",62
"RUPPERT Garne",62
"Stoff og Stil",62
"Hartlam",61
"Tri'Coterie",61
"Wild Hare Fiber Studio",61
"Artiste",60
"Georga",60
"Georgian Bay Fibre Co.",60
"Moods of Colors",60
"Peterle Wolle",60
"Siidegarte",60
"Tant kofta",60
"Tricots Brancal",60
"Unger",60
"Blissful Knits",59
"Handy Hands",59
"Little Knits",59
"Nova ",59
"White Gum Wool",59
"Yeoman Yarns",59
"Bohemia Fibers",58
"Dancing Leaf Farm",58
"January Yarns",58
"Neeley's Knits",58
"Gazzal",57
"The Wool Company",57
"Bernetta Wolle ",56
"BMG Affinitas",56
"Bristol Yarn Gallery",56
"Countrywide Yarn Co Ltd",56
"DARUMA",56
"Elsa Wool Company",56
"Kamteks ",56
"Sean Sheep",56
"Wollkatze",56
"Yarn Fairy",56
"Dashing Dachs",55
"I Knit or Dye",55
"MJ Yarns",55
"Rainy Days & Wooly Dogs",55
"South Maid",55
"St-Denis",55
"Tempting Ewe Yarns",55
"Nazli Gelin",54
"Rooster",54
"Socknrolla",54
"Vuorelma",54
"Magliamania Yarn",53
"Motohiro",53
"Muench Yarns",53
"Pirtin Kehräämö ",53
"Taiga Yarns",53
"Teddy",53
"Twisted Limone ",53
"annie yarn",52
"DY Choice",52
"Elegant Yarns",52
"Elian",52
"HaldeCraft HandDyed",52
"Nooch Fiber",52
"Ören Bayan",52
"TSCArtyarns",52
"Vivid Fiber Arts",52
"Wandering Cat Yarns",52
"Yarn Indulgences",52
"Alisha Goes Around",51
"Diana Collection",51
"Dulcimer ",51
"Gala",51
"Good For Ewe",51
"Kirbywirby Hand Dyed Yarns",51
"Marianated Yarns",51
"Piratenwolle",51
"skacel collection, Inc.",51
"Textiles de la Marque",51
"Tusindfryd",51
"Wollwunderwelt",51
"Ball and Skein",50
"Gepard Garn",50
"Knitting Notions",50
"Lioness Arts",50
"LYDIA",50
"ms.gusset",50
"Titan Wool",50
"Twisted Sisters",50
"Hema",49
"Seven Sisters Yarn",49
"Veritas",49
"Whimsical Colors",49
"Yarngrimoire",49
"Iridaceae Colorworks",48
"Kuka Yarns",48
"LaFéeFil",48
"Sirri",48
"Thorobred",48
"Elfenwolle",47
"Kangaroo Dyer",47
"Nunnaba Artisan Yarn",47
"Texere Yarns",47
"Wollfaktor",47
"Color City",46
"flydesigns",46
"Hilados LHO",46
"John Q",46
"Knitting Rose Yarns",46
"Socktopus",46
"Yarn Carnival",46
"Alina Shea Creations",45
"CEWEC",45
"Dutch Wool Diva",45
"Excelana",45
"Good Karma Farm",45
"Gritty Knits",45
"Lanecardate",45
"Renaissance Dyeing",45
"The Knitting Boutique",45
"Adrienne Vittadini",44
"B&M",44
"Creatively Dyed Yarn",44
"Custom Woolen Mills",44
"Family Roots",44
"Frangipani",44
"Gradient",44
"Handpaintedyarn.com",44
"Happy-go-knitty",44
"Lola-Doodle's ",44
"Lost City Knits",44
"Maurice Brassard et Fils Inc.",44
"Monoprix",44
"Evilla",43
"Foxfire Fiber & Designs",43
"Hanne Falkenberg",43
"Idena",43
"Mabel & Ivy",43
"Mad Color Fiber Arts",43
"Sullivans",43
"Adelia",42
"Black Bunny Fibers",42
"Coolree",42
"Happy Fuzzy Yarn",42
"KnittyandColor",42
"Saffron Dyeworks",42
"sofTrope",42
"Falkgarn",41
"French Market Fibers",41
"Indieway Yarns",41
"Lady Dee's",41
"Lane Borgosesia",41
"Orkney Angora",41
"Schoeller Esslinger",41
"Stranded In Oz",41
"Wunderwolle",41
"Action",40
"Berry Colorful Yarnings",40
"C.Whitney Knits",40
"Karin Oberg",40
"Kmart",40
"Knitca",40
"Ladybug Fiber Company",40
"Mohair by Canard",40
"SIŪLAS",40
"Sweaterkits",40
"The Loom",40
"Wensleydale Longwool Sheepshop",40
"Woolyknit",40
"African Expressions ",39
"Bockens",39
"Conjoined Creations",39
"Couleurs Mouton",39
"Decadently Divine",39
"Farbenpracht-Garne",39
"Fiberlady.com",39
"Karen Noe Design",39
"LitYarn",39
"Made by ME",39
"Stitchjones",39
"Three Fates",39
"Columbia Minerva",38
"HWS Markoma",38
"Madil Yarns",38
"Moseley Park",38
"Oasis Yarn",38
"Orlana",38
"Ovillos.com",38
"Schoolhouse Press",38
"Silkindian",38
"Village Yarn",38
"Yarntopia Treasures",38
"All For Love Of Yarn",37
"Art-by-Ana",37
"CSDye",37
"Emu",37
"Mango Moon",37
"Ski Yarn",37
"solitude wool",37
"solstice",37
"Truly Hooked",37
"Violet Green",37
"Wolleverliebt",37
"Black Water Abbey",36
"Bollicine",36
"Cookie A",36
"Den of Yarniquity",36
"Distrifil",36
"Garnpusher.dk",36
"Homemaker",36
"Inca Tops",36
"L'échappée Laine",36
"Little Wool Company",36
"Løve Garn",36
"Olive and Emma",36
"Retrosaria",36
"Tipsy Sheep Yarn",36
"Wetterhoff ",36
"Windy Valley Muskox",36
"Yarncraft Ltd",36
"Yarnia",36
"yarntini",36
"Berlinco Hand Dyed Yarn ",35
"Bouquet",35
"Feel Good Yarn Company ",35
"Hjelholts Uldspinderi",35
"Jorstad Creek",35
"Knitglobal",35
"Kraft Hand-Dyed",35
"Lighthouse",35
"Lynai",35
"Merino Sheepskin Co./Wool Pak NZ",35
"Raven Ridge Fiber Arts",35
"Rendezvous",35
"The Fibre Studio at Yarns to Dye For",35
"Toil and Trouble",35
"Woolbearers",35
"Cakewalk Yarns",34
"Das Regenbogenschaf",34
"DGB",34
"Fleur de Fiber",34
"Galeria Home ",34
"Hiwassee Creek Dyeworks",34
"Niťárna Česká Třebová s.r.o. ",34
"Peru Naturtex Partners",34
"Sari Silk Handspun",34
"Schönfärberei",34
"Spotlight Basics",34
"Coonie's Wolle",33
"Das Mondschaf",33
"Destination Yarn",33
"Die WollLust",33
"Dye-Version",33
"Fiberphile Hand-Dyed Yarns & Fibers",33
"gnarledpaw",33
"Ivy Brambles",33
"Koda",33
"Little Wolf Yarns",33
"The Flying Kettle",33
"Townhouse Yarns",33
"Appalachian Baby Design",32
"Avril",32
"CoonieKnits",32
"Garngrossisten",32
"Heaven's Hand",32
"Kilcarra",32
"Let Them Knit",32
"Little Red Bicycle",32
"Patternworks",32
"PennyRose Yarns",32
"Scrumptiouspurl",32
"Tren",32
"Whimzy",32
"White Buffalo",32
"Yarn Pirate",32
"Yarnundyed",32
"A Tree Hugger's Wife Yarns",31
"Arelan SA",31
"Berella",31
"Bilum Hand Dyed Yarns",31
"Ellyn Cooper's Yarn Sonnets",31
"Forbidden Woolery",31
"JES Collection",31
"KnitMona",31
"Needful Yarns",31
"Sheepish Yarn Co",31
"Sunset Stitches",31
"Teresa Ruch Designs",31
"The Sassy Skein",31
"Wolle Hartmuth",31
"Yarn Place",31
"Bart & Francis",30
"Boyes ",30
"Kerry Woollen Mills",30
"Loop",30
"Lucky Lamb Yarn Co.",30
"Nature's Luxury",30
"Nicole Quality Value",30
"Sheep Shop Yarn Company",30
"Sweet Paprika Designs",30
"Vardhman",30
"Walmart",30
"Yarn vs Zombies",30
"Askeladen",29
"Borgo de' Pazzi Firenze",29
"Bucilla",29
"Coats India",29
"cuppycake yarnz",29
"Eaton's Yarn",29
"Fancy Tiger Crafts",29
"Fantastic Knitting",29
"Farbschimmer24 ",29
"Filatura Botto Poala",29
"Forsell",29
"Hilori's Magical Yarnorium",29
"Maniototo Wool",29
"Milford",29
"ModeKnit Yarn",29
"Natural Fantasy",29
"Neveda",29
"Spinrite",29
"Tukuwool",29
"Undead Yarn",29
"American Thread Company",28
"Astral Bath Yarns",28
"Belfast Mini-Mills Ltd.",28
"Cariaggi",28
"Daizie Knits",28
"Ellen's Half Pint Farm",28
"Gypsy Wools",28
"hobbyra hobbyre",28
"maARTens ART Kunterbunt",28
"Nicole C. Méndez",28
"Poyeng",28
"Rain's Obsessive Stitchery",28
"Red Sock Blue Sock Yarn",28
"SnailYarn",28
"Spinnwebstube Yarn",28
"Unitas",28
"Aarlan",27
"Alpina",27
"Botto Poala Coned Yarn",27
"Cabin Fever",27
"Celestial Strings",27
"Cottage Craft Angora",27
"Da Fazenda - Artisanal Yarns",27
"Festival",27
"Filati da Collezione",27
"Foxhill Farm",27
"JL Yarn",27
"Kettle Dyed Yarns",27
"lakeside-wolle",27
"Le mohair des fermes de France",27
"Limmo-design",27
"LoveKnitting",27
"Mint Rain Hand Dyed",27
"Misty Mountain Farm",27
"Pear Tree",27
"Spinning Martha",27
"Twinkle Handknits",27
"Violet Lynx Dyeworks",27
"Watercolours and Lace",27
"Yarn Enabler",27
"A.P.D.O.O.",26
"A.Z. Garne",26
"Blueberry Pie Studio",26
"Coats Corrente",26
"Creative Basics",26
"Curious Creek Fibers",26
"Deramores",26
"Durable",26
"Enchanted Knoll Farm",26
"Greenwood Fiberworks",26
"Hollyberry Designs",26
"ideas daily",26
"Jacques Cartier",26
"John Lewis",26
"Kathys Fibres",26
"Knitivity",26
"Loro Piana",26
"Ontheround ",26
"Polo&Co",26
"River City Yarns",26
"Schaffhauser Wolle",26
"schoenstricken",26
"Stitch Sprouts",26
"Telespinn",26
"Tempted Hand Painted",26
"3 Suisses",25
"Baycrest",25
"Candy Apple Lane",25
"Cat Mountain Fiber Arts",25
"Cigno Nero",25
"ColorShift ",25
"Julianna's ",25
"Klippan",25
"Laal Bear",25
"Lankava Oy",25
"Mineville Wool Project",25
"Patte de Velours",25
"Rosie's Moments",25
"The Wool Dispensary",25
"Two If By Hand",25
"UK Alpaca",25
"V Yarn",25
"Abstract Cat",24
"Altin Basak",24
"Babylonglegs",24
"Bertagna Filati",24
"Brigantia Luxury Yarn",24
"Cotton House Store",24
"Crabapple Yarns",24
"Dreams in Fiber",24
"Drew Emborsky",24
"Ecobutterfly Organics",24
"Filo Blu",24
"From The Mountain",24
"Kingcraig",24
"Knitwitches ",24
"Lucci Yarn",24
"Milana ",24
"Morning Bright ",24
"Natura",24
"Ozifarmer's Market",24
"Purple Goddess Design",24
"PurPle Laines",24
"Silk City Fibers",24
"Skeinny Dipping",24
"Snallygaster Fibers",24
"Spartickes Dyes",24
"Susquehanna Knitting Company",24
"Tale & Tendril",24
"Woollywumpkins Hand Dyes",24
"Yvieknits Yarn",24
"5th Avenue",23
"Alpenglow Yarn",23
"Berlini",23
"Biggan Design",23
"Bittersweet Woolery",23
"Bronotta Yarns",23
"Das Wollschaf",23
"Dyed by Alfinete",23
"Ester Bitran Hand-Dyes",23
"Gherkin's Bucket",23
"Gobstopper",23
"Inbalit",23
"J. Knits",23
"Loopy Mango",23
"Loret Karman",23
"Monaco",23
"MoonlightYarns on Etsy",23
"Nikke Victor",23
"Performance",23
"Philosopher's Wool",23
"Rainbow Heirloom",23
"Scarlet Fleece",23
"sKnitches ",23
"Sliver Moon Farm",23
"Still River Mill",23
"Textiles A Mano",23
"Alte Künste",22
"Campolmi Roberto Filati",22
"Cantering Crow Colorworks",22
"Devon Sun Yarns",22
"Handwerks",22
"Kinsyo",22
"Kotikulta",22
"Le Chat qui Tricote",22
"Lotus International (India)",22
"Moeke yarns",22
"Müller",22
"Naska Premier",22
"Nille",22
"Nube",22
"Peace and Wool",22
"Plymouth Earth",22
"Purl Alpaca Designs",22
"Ram ",22
"Romney Ridge Farm Yarn Co.",22
"The Painted Tiger",22
"The Wacky Windmill",22
"Unique Chic Studio",22
"Waterloo Wools",22
"Wharfedale Woolworks",22
"Woolly and Warmy",22
"Zellers",22
"Äiti-Puffa",21
"Casa del Filato",21
"Colinton Australia",21
"Coop",21
"DiscoBaby Knits",21
"Dye Diana Dye",21
"Fabulous Fibres",21
"Filati Deluxe",21
"K1 Yarns",21
"Knitting 4 Children",21
"Lilliput Yarn",21
"Michell & CIA",21
"National Yarn Crafts",21
"Naturgarn",21
"Ogle Design Fiber Arts",21
"Riihivilla",21
"Soft Like Kittens",21
"SpinningFates",21
"Supreme Possum Merino",21
"Swoon Fibers",21
"TuckerWoods Artisan Yarns & Fibers",21
"Viola",21
"Wullenstudio",21
"Zagroda",21
"! Needs Brand Name",20
"Alvita",20
"Anilux",20
"Bramwell",20
"casa de karma",20
"Chester Wool Company",20
"Christel Seyfarth",20
"Classic Yarn",20
"di Luce",20
"Dizzylettuce",20
"Hunt Valley Cashmere",20
"Inca",20
"Kaalund Yarns",20
"Koru Designs Yarns",20
"LeeWards",20
"Mafil",20
"Maysville",20
"Namolio",20
"Never Enough Thyme",20
"Nina Hand Dyed Yarns",20
"Pegasus",20
"Peria",20
"Sandilane",20
"Shorn Fibers",20
"Smudge Yarns",20
"Sternenstaub",20
"Sunnyside Ellen",20
"The Sheepwalk Fiber Arts Studio",20
"Yuzawaya",20
"Zschopau Wolle",20
"AC Moore",19
"Alessandra Filati",19
"Artist's Palette Yarns ",19
"Ashland Bay",19
"Avec",19
"Benker-Textil ",19
"Bre-Aly Threads",19
"Chameleon Colorworks",19
"debonnaire",19
"Farbenglück",19
"Folktale Fibers",19
"Heleflo - Rendezvous der Farben",19
"Just Our Yarn",19
"Knitting Spiro",19
"Light Brown Hare",19
"Linea Ca'",19
"Little Gidding Farm",19
"Lotus Yarns",19
"Manos Artesanas",19
"NoBo",19
"Presencia",19
"Sara's Texture Crafts",19
"Sears",19
"Seehawer & Siebert",19
"SoftnShiny",19
"String Yarns",19
"The Black Lamb",19
"The Knitting Swede",19
"Twirl",19
"Vitalgo",19
"Vonnel",19
"Wollpapst",19
"Yarn Treehouse ",19
"YarnAddict Yarns",19
"Atelier Yarn & Design",18
"Bear Brand",18
"Catskill Saxon Merino Yarn",18
"Chromatique",18
"Coloring Book Yarns",18
"Dansk Pelsuld",18
"Dragonfly Dyewerx",18
"Fish Belly Fiber Works",18
"flying colors",18
"Georges Picaud",18
"Hearthside Fibers",18
"Himalaya Yarn",18
"Jemark",18
"Joslyn's Fiber Farm",18
"Klaus Koch GmbH",18
"Kutnor",18
"Lai-la-lai Yarnz",18
"Loop D Loop by Teva Durham",18
"Manic Pixie Dream Yarn",18
"Milky Robot",18
"Moonrover",18
"One Lupine",18
"One Twisted Tree",18
"Silver Threads & Golden Needles",18
"Sleep Season Goods",18
"Tante Grøn",18
"TeDdy's Wool",18
"Wolle Kunterbunt",18
"Wool & Yarn Ltd.",18
"Your Mom Knits",18
"a thing for string",17
"Artisanal Yarns",17
"Atelier Seide und Mehr",17
"Bellcreate",17
"Black Sheep Dyeworks",17
"Borgs Vävgarner",17
"Cardiff Cashmere",17
"Cloudlover Yarn & Fiber",17
"Cushendale Woollen Mills",17
"Dye Hard Fibre Arts",17
"Fabiani",17
"FatCatKnits",17
"HDYarns",17
"Heavenly Fiber",17
"Hélène Magnusson",17
"Hespa",17
"Iloyarn",17
"Intrepid Tulips",17
"Kanebo",17
"Lalena",17
"Lara Downs",17
"Laughing Yaffle",17
"Lopo Xavier",17
"MacAusland's Woollen Mills",17
"Maple Creek Farm",17
"Meadowcroft Dyeworks",17
"Mix & Match",17
"Nimu",17
"Puffa-lanka ",17
"Ring-a-Rosie",17
"Solkustens Spinnverkstad",17
"Spinning a Yarn NZ",17
"St. George",17
"Studioloo",17
"The Little Grey Sheep",17
"The Little Mount Yarn Co.",17
"Think Bamboo",17
"Two Black Sheep",17
"Vegan Yarn",17
"Vivid Yarn Studio",17
"Yankee Dyer Yarns",17
"Zeenas Design",17
"Arctic Qiviut",16
"Avalon Springs Farm",16
"AWV",16
"Craftworks",16
"Dandelion Yarns",16
"Decadent Fibers",16
"Der-Wollschuppen",16
"Eaden Yarns",16
"Easy Knit Tricot Facile",16
"Fearless Fibers",16
"Filati FF",16
"Flamboyance Yarns",16
"Friday Studios",16
"Gecko Yarns",16
"Gerschubie Fiber Arts",16
"Gift of Grace Handspun",16
"Gypsy Girl Creations",16
"Hilos Iris",16
"Kuschel-Wolle",16
"Lakshmi's Dreams",16
"Lana Vida",16
"Local Color Fiber Studio",16
"Loweth Wools",16
"Lunatic Fringe Yarns",16
"Moon Holler",16
"Needles ",16
"Ofil",16
"Oso Blanco",16
"Ovelha Negra",16
"Pico Accuardi Dyeworks",16
"Premier Silsden UK",16
"Raven Frog Fiber Arts",16
"River's Edge Fiber Arts",16
"Snow Leopard Trust",16
"Soft Feather International",16
"Storied Yarns",16
"Stricken Smitten",16
"The Gossamer Web",16
"The Knittery",16
"Tolt Yarn and Wool",16
"Topsy Farms",16
"Wool in the Woods",16
"Yarnfloozy",16
"Yllet",16
"2 Guys Yarn Company",15
"A Good Yarn",15
"A to Z Alpacas",15
"A Touch of Twist",15
"Alaskan Yarn Co.",15
"Chinese Royal Yarns",15
"Crave Yarn",15
"Dyelectable Yarns",15
"Fireweed Dyeworks",15
"Hampden Hills Alpacas",15
"Hello Yarn",15
"Hoelfeldt Lund",15
"Intrepid Otter",15
"Keito Soko  毛糸創庫 Camel ",15
"Kimmet Croft Fibers",15
"LanasAlpaca",15
"Lantern Moon",15
"Linate",15
"Lucy Neatby",15
"Marta's Yarns",15
"Maui Yarns",15
"MeiHaum",15
"October House Fiber Arts",15
"Pascuali",15
"PenguinSoup",15
"Potluck Yarn",15
"SHOKAY",15
"Spellbound Fiber Co.",15
"Spinnerin",15
"Susan Crawford",15
"The Fiberists",15
"TMA Yarns ",15
"Welcomme",15
"Why Knot Fibers",15
"Wollsinn",15
"Woolgatherings ",15
"Yarn Stories",15
"Younger Yarn",15
"AngoraGarnet",14
"At Bullard Farm",14
"Atelier Franziska Uhl",14
"Autumn House Farm",14
"Bee Mice Elf",14
"Bugbear Woolens",14
"Carodan Farm",14
"Carolina Fiber Co.",14
"Chili Gredelin",14
"Cowgirlblues",14
"Dubai Knits",14
"Eco-Wrapz",14
"Everything Old",14
"Fairy Tale Knits",14
"Filato ",14
"frau wo aus po",14
"Groovy Hues Fibers",14
"Hand Jive Knits",14
"Handmade Beauty",14
"havirland",14
"Hermosa Fiber Company",14
"Indie Dyer",14
"Inner Yarn Zen  ",14
"Irish Fairytale Yarns",14
"Kinna textil",14
"Klaus Koch Köln",14
"Knit and Fiber Creation",14
"Lana Moro",14
"Lily Chin",14
"Lismi Knits",14
"Lollytree Yarn",14
"Marion Foale",14
"Menita",14
"Mia Bella Yarn & Accessories",14
"Moya",14
"Nundle Woollen Mill",14
"Patricia Roberts",14
"Persimmon Tree Farm",14
"Rubus",14
"Sheena Anne",14
"Simply Shetland",14
"Steam Valley Fiber",14
"Stimpylab",14
"Teteks",14
"The Dye Guy",14
"TreasureGoddess",14
"Valeria di Roma",14
"Woolrae Studio",14
"Yarn Baby LLC",14
"Zen String",14
"Adorn Yarns",13
"Alcidina",13
"Apple Laine",13
"Art By Eve",13
"Baytree",13
"Beijer",13
"Belinda Harris-Reid",13
"Belisa Cashmere",13
"Berger du Nord",13
"Black Diamond Alpacas",13
"Black Market Wool",13
"Black Wolf Ranch",13
"Brew City Yarns",13
"Chumpling Crafts",13
"COULROPHOBIA",13
"Davidson",13
"Elisa",13
"Elizabeth Austen",13
"Elliebelly",13
"Ethereal Fibers",13
"Färgkraft ",13
"Frankengarn",13
"Green Dragon Yarns",13
"Green Strings",13
"Hanalei Strings",13
"In The Loop",13
"Inaya",13
"ISPE Padova",13
"Ixchel",13
"Kiparoo Farm",13
"Lamby Toes",13
"Lanamania",13
"Le jardin des fibres",13
"Les Toisons Bretonnes",13
"magic and moonshine",13
"Morjärv",13
"natali stewart",13
"Never Ending Obsessions",13
"North Light Fibers",13
"Porta Craft ",13
"RedFish Dyeworks",13
"Scout's Swag",13
"Sericin Silkworks",13
"Skaska Designs",13
"Skeindalous",13
"Slackford Studio, LLC",13
"Solberg Garn",13
"Spark Story",13
"Tedman & Kvist ",13
"The Rare Yarns Company",13
"The Wool Barn",13
"Thoroughly Thwacked",13
"Verandah Yarns",13
"Yarn Adventures",13
"Yarn Edition",13
"A Good Day for a Cupcake",12
"A Million Stars",12
"All You Knit is Love",12
"Alpaca Select",12
"Alpaca Warehouse",12
"Apothecary Yarns",12
"Beyond Basic Knits",12
"Butik Strik",12
"Call Me Sally Yarns",12
"Camelot Dyeworks",12
"Clark's",12
"Coats Manila Bay",12
"Cotton Clouds",12
"Crown Mountain Farms",12
"Cuddlebums",12
"Diakonie WL",12
"Dyed By Hand Yarns",12
"Electric Carnation",12
"Elvincraft",12
"Fiber Addiction",12
"Fiber Stash",12
"FiberAddict Designs",12
"Fibrewebs",12
"FO & Dye",12
"Foula Wool",12
"Gingam Craft ギンガム",12
"Happy-Go-Lucky",12
"Heimatwolle",12
"Impulse of Delight",12
"Inter-Fox",12
"June Pryce Fiber Arts",12
"Kama Suutra Fiber Arts",12
"Kaya Yarn",12
"Keesi",12
"Klazien's Kreatie",12
"koneko handspun",12
"Lamington Lass ",12
"Lanar",12
"Let's Get Crafting Knitting & Crochet",12
"Lil Weasel",12
"Little Monkey's Stitch n Spin",12
"Lobster Pot Yarns",12
"marita rolin/garn&design",12
"Maschenkunst",12
"Miansuoxi",12
"Missoni",12
"Muse Fiber Works",12
"N.Y. Yarns",12
"NKD Casa Home",12
"OrangeSox",12
"Oslo MicroDyery",12
"Passioknit",12
"PEKA",12
"Pura Bella Yarns",12
"Purple Fleece",12
"Red Barn Yarn",12
"Rio De La Plata Yarns",12
"Round Table Yarns",12
"Samband of Iceland",12
"Show Me Yarn",12
"Solar Flair Fibres",12
"SOLsilke",12
"Springtree Road",12
"Stof 2000",12
"Sunbeam ",12
"Super Yarn Mart!",12
"Tabby Cat Fibre Arts",12
"Tall Yarns 'n Tales",12
"The Weaver's Loft",12
"Town End Alpacas",12
"Tria Fata Fibre Arts",12
"Wanton Fibers",12
"Wertstückchen",12
"Whistlebare",12
"Wooly West",12
"Yarn Geek Fibers ",12
"Yarn Loft",12
"Yarns to Inspire",12
"(G)uld",11
"A Stash Addict",11
"AlohaBlu",11
"anabelcolori",11
"Angela Chang Maorong",11
"Annabel Fox ",11
"Ardelaine",11
"Ashton Studio Arts",11
"ATAK Garn",11
"Aurora Yarns",11
"Baby Baby Sheep 羊宝宝",11
"BaT'at Hand Dyed Yarns",11
"Brazen Stitchery",11
"Catalina Yarns",11
"Cedar House Yarns",11
"Cider Moon",11
"Color Dance Yarns",11
"Deltex",11
"Faircroft",11
"Family Pendragon",11
"Fiber Fangirl",11
"Filtoppa",11
"Freyalyn's Fibres & Yarns",11
"Glenmore",11
"Great British Yarns",11
"Great Gradients",11
"Grønhøj Garn",11
"Highfield Textiles",11
"hobbytime",11
"Island Fibers",11
"Italgamma Filati Fantasia",11
"Jenny",11
"Jones & Vandermeer",11
"Kitchen Sink Dyeworks",11
"KraftyKoala",11
"Lambspun Of Colorado",11
"Lanas Naturales ",11
"LunabudKnits",11
"Maria Diaz",11
"maschenwerkWien",11
"Millefili",11
"Millor",11
"Mind's Eye Yarns",11
"Minotauro",11
"MollyGirl",11
"Mondial Tissus",11
"Nardi Filati S.p.a.",11
"Natural Born Dyers",11
"Nazar",11
"NSK Kikaku",11
"Pacolet Valley Fiber Company",11
"Raventwist",11
"Schmeichel",11
"Shaky K Fibers",11
"Squeaky Elliot",11
"Sylvan Tiger Yarn",11
"Th'Red Head Designs",11
"The Color Wheel",11
"The Little Knitting Company",11
"The YarnSisters",11
"Toomuc Valley Yarns",11
"TurtleMade ",11
"Vijay Fibers",11
"We Will Tell You All Of Our Secrets",11
"Witch Candy",11
"Wolcafe",11
"Wooltopia",11
"XrayAnn",11
"Yan-Tan-Tethera Hand-Dyed Yarns",11
"Yarns Northwest",11
"Zegna Baruffa",11
"A Riot Of Color",10
"America's Alpaca",10
"Annie's Choice™",10
"aRockandaTree",10
"Atelier Twine ",10
"Australian Alpaca Centre",10
"Blarney Woollen Mills",10
"Botter IJsselmuiden",10
"by Kristin Omdahl",10
"Caserita",10
"Chiaki Knit",10
"Cottage Craft",10
"Countrywide Yarns Ltd",10
"Dairing",10
"Dear Husband",10
"Denys Brunton Designer Yarns",10
"DesigningVashti",10
"dyed by lindsay",10
"Eki Riva",10
"Essential Fiber",10
"Evermore Studios",10
"Fiber Charmer",10
"Fiber Fetish Designs",10
"Fibres d'art",10
"Fiesta (Saprotex)",10
"Filature Lemieux",10
"Forest Greener",10
"Garnasinne",10
"GarnGalleriet",10
"Great Woolly Owl",10
"Handprjon.is",10
"Heathermaid",10
"Heleflo-Rendezvous der Farben",10
"Jack Frost",10
"Jakobsdals",10
"Jonelle",10
"Lady Dye Yarns",10
"Laine Angora",10
"Limbažu Tīne",10
"Lizzie's",10
"lollipop.yarns by filzflash",10
"Madeira",10
"Martifil",10
"Meadowlake Arts",10
"Mill End 400s",10
"Millspun Yarns",10
"Moussa",10
"Mrs-Postcard",10
"New Mill S.p.a",10
"Nieuwe Technologie",10
"Nob Hill",10
"Painted Fleece",10
"Palette Collection",10
"Pick Up Sticks",10
"Purl's Yarn Emporium",10
"Qualitas",10
"Quillin Fiber Arts ",10
"Rieger Betten",10
"Rock and String Creations",10
"School Products",10
"Shleep Yarns",10
"Single Twist",10
"Southern Cross Fibre",10
"Springtide Farm",10
"Stäkets Hantverk & Design",10
"Strikdesign ",10
"Taylored Fibers",10
"Teggle Tots",10
"The Art of Knitting",10
"Three Ewes Twisted in Fiber",10
"Toluca Knit",10
"Toptex",10
"Tuesday Morning",10
"tuLLiBaLL",10
"Two Grey Dogs Designs",10
"VickeVira",10
"Wagtail Yarns",10
"Wister",10
"Yarn Chef ",10
"Yummy Yarn Studio",10
"Zenitude",10
"A Swell Yarn Shop",9
"Adéle's Mohair",9
"Adventures In Yarncraft",9
"API Fiber Co",9
"Argosy Luxury Yarns",9
"Ariadna",9
"Australian Alpaca Barn",9
"Bennett & Gregor",9
"Camellia Fiber Company",9
"Chasing Rainbows Dyeworks",9
"Comfort Wool Co.",9
"Corgi Hill Farm",9
"Country Classic",9
"Crazy4Dyeing",9
"DanDoh",9
"Debbie Mumm for Jo-Ann ",9
"Die Kleine Wollfabrik",9
"Dizzy Lettuce",9
"dkKnits",9
"Dyelot Yarns",9
"Erdal",9
"Filanda",9
"Filati Europa ",9
"Filati Fantasia",9
"Filitaly-Lab",9
"Flat Rocks Yarn",9
"Freche Wolloase",9
"Fredsminde Unika Design",9
"Froebe Fibers",9
"Fulcrum Wool Company Limited",9
"Furaz Yarns, Inc",9
"Gnomespun Yarn",9
"Hanalei Hand Dyed",9
"handmade by isamara",9
"Have You Any Wool",9
"Heikemade",9
"Hemtex",9
"HK textilimport",9
"Horstia",9
"Inspiration Dyeworks",9
"Iron Horse Farm",9
"J. Sagar",9
"Jamie Harmon",9
"Kilafors",9
"Kim Dyes Yarn",9
"LavenderSheep",9
"Lazy Cat Yarn",9
"Linsieme",9
"Literally Yarn",9
"Litet nystan",9
"Manukau Wools Ltd.",9
"Mayhem and Chaos",9
"McLana",9
"Midnight Yarns",9
"Moon Stone Farm",9
"Mountain Fusion",9
"My Colour Wheelhouse",9
"mYak",9
"Northland",9
"Oceanwind Knits",9
"Ogres Jarns",9
"OMG",9
"OOAKKnits and CashmereJunkie",9
"Oomingmak",9
"Opus",9
"Paternayan",9
"Pinori Filati",9
"Plain & Fancy Sheep & Wool Co.",9
"Politically Incorrect Fibers",9
"Praefatio ",9
"Propanicus Moon",9
"Pura Hilados",9
"Rial Biella",9
"Riverstone Yarns",9
"Rosas Crafts",9
"rubis",9
"Shameless Twist",9
"Sjølingstad Uldvarefabrik",9
"Sol Alpaca",9
"Squirrel's Yarns",9
"Stansborough Fibres",9
"Stitch Please",9
"Teoriya",9
"Texelse Schapenwol",9
"The Art of Crochet",9
"The Artful Ewe",9
"The Color Spryte",9
"The Sassy Sheep",9
"Toots LeBlanc & Co",9
"V & A Products Ltd",9
"Venne Colcoton Unikat",9
"Wålstedts",9
"Wildcraft",9
"Wool Candy",9
"Woolhunter",9
"Yanabey",9
"Yarn Barn of Kansas",9
"Yarn Workshop",9
"Yarnoodles",9
"YarnPony",9
"Yatsal",9
"Yll o Tyll",9
"Abundant Yarn & Dyeworks",8
"ACME Fibres",8
"Annadele Alpacas ",8
"Bashful Bags and Fibers",8
"Bergers Cathares",8
"Bessie May",8
"BiElle Filati",8
"BohoKnitterChic Spins",8
"Bravo",8
"Buckaloo View",8
"Clover",8
"Colorado Yarns",8
"Coproca Bolivia",8
"Coron",8
"Creeping Bellflower",8
"Department 71 ",8
"Dicentra Designs",8
"dona maria",8
"Dye Cauldron",8
"Ellie's Reclaimed Cashmere",8
"Esslinger Wolle",8
"Ewas Sockenwolle",8
"Ewe Give Me the Knits (EGMTK)",8
"FabFunkyFibres",8
"Facotti",8
"Filati BE.MI.VA",8
"Filati Cervinia",8
"Fleisher's",8
"Galloping Jester LLC",8
"Gänseblümchen",8
"Gardiner of Selkirk",8
"Gourmet Stash",8
"Gradiance Yarns",8
"Great Lakes Hand Dyed",8
"Hands Products",8
"Happy Hands Yarns",8
"Hawthorne Cottage Yarns",8
"Home ",8
"Ilse Wolle",8
"Insouciant Fibers",8
"Jillybean",8
"Kaufhof",8
"Knits in Class Fiber Studio",8
"knitshop.co.uk",8
"Knitsomniac Designs ",8
"Knitters Nightmare Yarn & Fiber",8
"KVG Woolworks",8
"Lanas Sevimex",8
"Laxtons",8
"Libby Summers",8
"Lincatex",8
"LinenSpirit",8
"Lonesome Stone",8
"Lush Yarn",8
"Maco Mérinos",8
"Malina",8
"Marr Haven",8
"Mary Lue's Yarns",8
"Mc Lana",8
"medicated merino",8
"Melanie Wolle",8
"Nanne Kennedy",8
"Ocean Park Yarns",8
"Owl About Yarn",8
"Oxford",8
"Picket Fence Fiber Studio",8
"Pino",8
"Please Stand By Yarns",8
"Podium",8
"RainCity Fiber Arts",8
"Rema 1000",8
"Robin Turner ",8
"Romaxe",8
"Romni Wools",8
"Ross Farm Fibers",8
"Rusta",8
"Sarah's Yarns",8
"Schoeller Wolle",8
"Seidenhase.de",8
"Selah",8
"Serene Fiber Arts",8
"Shaggy Bear Farms",8
"Shantiknits",8
"Sierra Pacific Crafts",8
"Skeined Alive Yarns",8
"Snow Capped Yarns",8
"Socken-Wahnsinn",8
"Tactile Fiber Arts Studio",8
"Tamm ",8
"Tejo lo Que Hilo",8
"The BagSmith®",8
"The Border Mill",8
"The Harris Tweed Co. Grosebay",8
"The Wool Box",8
"Thread Art",8
"Tines",8
"Treasured Yarns",8
"trIScote",8
"Tsarina of Tsocks",8
"Utuna",8
"Variation de laine",8
"Well Manor Farm",8
"Wild Yarn Dreams",8
"Woolyarns New Zealand",8
"Yarn Rescue Fiber Arts",8
"alpakamia",7
"AndreSueKnits",7
"Apu Kuntur",7
"Backyard Fiberworks",7
"Bemidji Woolen Mills",7
"Bergå ",7
"Black Sheep Goods",7
"Bluebonnet Hills Alpaca Ranch",7
"Broken Pattern",7
"Cambridge Fibres Ltd.",7
"Celia's Basket",7
"Chinese",7
"Coop Extra",7
"Country Yarns",7
"Crazy Monkey Creations",7
"Créa Pecam ",7
"Cynthia Hélène",7
"Delly's Delights Farm",7
"Devilbunny Dyeworks",7
"Dye Dreams",7
"Edgewood Garden Studio",7
"einrúm",7
"El Gato Negro",7
"Englegarn",7
"FadenFreundin",7
"Fantasy Yarns",7
"Fat Squirrel Fibers",7
"Fauveline",7
"Fibre-Isle",7
"Filo di Dolce Lana",7
"Full Circle Artworx",7
"Gabriela Kos",7
"Golden Eagle",7
"Great Yarns!",7
"H.B. Regnbågen",7
"Hanne Thorsen",7
"HDBB",7
"Heirloom Knitting",7
"Heng Yuan Xiang",7
"Hircus Filati",7
"Hobbledehoy",7
"HobbyKnit",7
"Hope Spinnery",7
"Infiknit",7
"Ingeborg Michels Gernsbach",7
"Inglenook Fibers",7
"Inner Loop Dyeworks",7
"Italian Creation",7
"Ixia Filati Pregiati",7
"Jamie Possum",7
"Jan Marek Raczkowski Studio",7
"Jubilee Yarn",7
"Kaneh-Bosem",7
"La Petite Lainiere",7
"Lady Galt",7
"Lana D'Abruzzo",7
"Lana Naturalmente",7
"Lanabel ",7
"Lanera Chilena",7
"Little Dipper Yarns",7
"Living Dreams Yarn & Fiber",7
"Lizard Toes",7
"Longmeadow Farm",7
"MacKintosh Yarns",7
"Make.Do",7
"Manduzana",7
"Manifattura Igea ",7
"Mercia Wools",7
"Moose Manor Hand Paints",7
"Munsell",7
"Needle Crafters",7
"Nest ",7
"Night Owl Fibers",7
"Patricia",7
"Perchance To Knit...",7
"PolarKnit",7
"Ram Wools",7
"Rocky Mountain Dyeworks",7
"Rowan R2",7
"Schafwollspinnerei Höfer GmbH",7
"Shady Haven's Fiber Designs",7
"Sheep Dreamery",7
"Skyline Yarns",7
"Sommer Wolle",7
"Spinning Bunny",7
"Spirited Fibers",7
"STRANDavarious",7
"sunflower knit",7
"Sunflower Yarns",7
"Super Knits",7
"Tek-Tek",7
"The Dyeing Arts",7
"The Herdy Company",7
"The Old Piggery",7
"The Stationary Nomad Studios",7
"Three Waters Farm",7
"TJOCKT",7
"Traeger Textil",7
"Tropical Lane",7
"Two Birds Knitting Co.  ",7
"Two Tigers Yarns",7
"Unbelieva-wool",7
"Webs Mill Ends & Closeouts",7
"Wellington Fibres",7
"White Barn Farm Sheep & Wool",7
"White Iris Yarns",7
"Wolf Creek Wools",7
"Wollatelier Schlawin",7
"Wolle und Hobby Kiel GmbH & Co, KG",7
"Wollkenschloss",7
"Wonderland Dyeworks",7
"Woo Sheeps",7
"YarnTasia",7
"Ypqing",7
"Alpaca Ware",6
"Altenburger Handarbeiten",6
"Anjas Farbtopf",6
"Annette Petavy Design",6
"Artisan Yarns",6
"Arwen Makes",6
"Atelier Handwerk",6
"Aufburg",6
"Australian Country Spinners",6
"Ayda",6
"Bärengarne",6
"Beezigns Dye Works and Design Studio",6
"Berry Patch Creations",6
"Bonbon",6
"Boo's Attic",6
"British Breeds",6
"Buckwheat Bridge Angoras",6
"Candide Yarns",6
"Chat Botté",6
"CJ Kopec Creations",6
"Colours of Caithness",6
"Copper Centaur Studios",6
"cosymakes",6
"CraftsMeow",6
"Dashing Mouse Designs",6
"Dream　(ドリーム)",6
"DT Craft & Design",6
"Dye2Spin",6
"Eco Filati",6
"Elderberry Farm",6
"Elitespun",6
"evoke hand dyed yarn",6
"Ewe and Me Yarns",6
"Falcon",6
"Farbmagie",6
"Fiber Hound",6
"Fiberific!",6
"Fibras Andinas Chile S.A.",6
"Fibre Alive",6
"Filati Bracco",6
"Filatoмания",6
"Filatura Papi Fabio ",6
"Fingerlakes Woolen Mill",6
"Flying Goat Farm",6
"Foster Sheep Farm",6
"Fotrama",6
"Friends in Fiber",6
"Funky Carolina",6
"Garthenor Organic Pure Wool",6
"Geek Chic",6
"Gin and Tonic Yarns",6
"Gotlands Spinneri",6
"Great American Yarns",6
"Hand Dyed Yarn by KingBecky",6
"Helen Hamann",6
"Heritage Spinning & Weaving",6
"HipKnits",6
"Honeycomb Yarns",6
"hs-garn-design",6
"Hudson Valley Sheep & Wool Co.",6
"Irmãos Martins, Lda.",6
"Jane Stafford Textiles",6
"Jenny Cook",6
"Joma Yarn",6
"Lady Purl Designs",6
"Lake Tahoe Yarn Company",6
"LandLust",6
"Legacy Lane Fiber Mill",6
"Lime & Violet",6
"Lismore Sheep Farm",6
"Little Green Finch",6
"Mama Blue Knitting Goods",6
"Mama Llama",6
"Master Knit",6
"MeiMei",6
"Mother of Purl",6
"Muller & Partner",6
"Natural Club",6
"Neota Designs",6
"nikkislipp",6
"NuMei",6
"Oak Grove Studio",6
"Oasis Farm Fiber Mill",6
"Olimpias",6
"Ozark Handspun",6
"Pancake and Lulu",6
"Prince Yarns",6
"Puff the Magic Rabbit",6
"Purl Pointe Private Label",6
"Rabbit Ridge Designs",6
"Raindrop Yarns",6
"Retro Baby",6
"Rintalan Tila",6
"Rondo",6
"Royale Hare",6
"Sandy's Palette",6
"Schönbuch ",6
"Seacoast Handpainted",6
"Serendipidye",6
"Shadyside Farm Studio ",6
"Shasta Daisy Knits",6
"Sheepish Creations",6
"Sheepyshire",6
"Shepherd's Lamb",6
"Silag Handels AG",6
"Sjöalyckans ",6
"Smith and Ewe",6
"Squeeful Yarns",6
"Stafil",6
"Starcroft",6
"StarGrrl Spinworks",6
"Strick-mich-wolle",6
"Sweet Grass Wool",6
"Swoonish",6
"Symak",6
"Tangle and Stash",6
"Tant Thea",6
"Target",6
"Textil-garn",6
"The Cryptozoologist ",6
"The March Hare",6
"The Wool Shed",6
"timiQuipa",6
"Treenway Silks",6
"TRS Trading Group",6
"Tuftytoes Yarn",6
"Twisted",6
"Uradale Yarn",6
"Villa Mokka",6
"Vinnemeier GmbH",6
"Waratah Fibres",6
"White Violet Farm Alpacas",6
"Wildblume",6
"WollService",6
"Wonder Why Alpaca Farm, LLC",6
"Wool Tree Yarn",6
"Woolen Mill St. Yarns",6
"World of Wool",6
"Wren House Yarns",6
"Yarn Barn, Australia",6
"Yarnarchy",6
"YarnGarden.co.uk",6
"Yarns From The Plain",6
"Yarns to Yearn For",6
"Zaol",6
"3 Pagen",5
"A Yarn Well Spun",5
"Álafoss",5
"Amimonetto (あみもねっと)",5
"Anttila",5
"Ardalanish",5
"Astrid's Stränge",5
"Bamboo Spun",5
"Bedfordshire Wool Company",5
"Beehive",5
"Bellelaine",5
"Biltmore Wool Barn",5
"Bleating Art",5
"Blue Savannah",5
"Bovidae Farms",5
"Bryspun",5
"Cashmered",5
"Catawampus Farm",5
"Cattail Knits",5
"Chanteleine",5
"cjkoho Designs",5
"Coats & Clark's",5
"Colorful Eclectic Dyeworks",5
"ColorPurl",5
"ColorSocks",5
"Connemara Clothing Company",5
"Conshohocken Cotton",5
"Corny Goodness",5
"Craftmax",5
"Craftsson",5
"Damselfly Yarns",5
"Dandelion Knits",5
"Darice",5
"Dark Harbour Yarn",5
"DBNY",5
"Design Spun",5
"Do or Dye Yarns",5
"Doespins",5
"DyeNinja",5
"Ecoyarns",5
"Esito",5
"Ewe Need Color",5
"Fable Handknit",5
"Fabulosity Yarn",5
"Filpucci",5
"Filtmakeriet",5
"Flagstaff Alpacas and Doe Arnot",5
"Flora",5
"Fru Jensens Unikum",5
"Gaia's Colours Fibre Arts",5
"Galiana Creations",5
"Gomitoli's",5
"Greenwood Hill Farm",5
"Handarbeitskram by Selana",5
"Hanna's Hanks",5
"Harris Tweed Textiles",5
"Hobbywool",5
"Holles Wollfärberei",5
"Huggybear Knits",5
"Icemelon's Stash",5
"Ingelise",5
"INJI Kismet Fibers",5
"Inked Yarn",5
"InterAmerica Group",5
"JaWolle",5
"Kattikloo Fiber Studio",5
"KiK Textilien",5
"Kinfolk Yarn and Fibre",5
"Kismet Yarns",5
"Knit it Up",5
"KnitsomniacDesigns",5
"Knitter's Addiction",5
"Knitwich",5
"Kolibri-creativ",5
"Kraehennest-Wolle",5
"Kreinik",5
"Kresge",5
"L & K Murg",5
"L'Angélaine",5
"LadySnake das besondere Garn",5
"Lambstrings",5
"Lanafina",5
"Left Coast Yarns",5
"Leisure Time Yarn",5
"les laines du Mouchon",5
"Liberty's Yarn",5
"Lone Star Arts",5
"Loop!",5
"Læsø Uldstue",5
"Madsen Originals LLC",5
"Mano Creare",5
"Manonspun",5
"Manufactum",5
"Maskepigen",5
"Merino-i.D.",5
"Mi Planeta de Lanas",5
"Mint Yarns",5
"MistyDot",5
"MOCO Yarns",5
"Mrs Moon ",5
"Munchkin Knitworks",5
"Murphy's",5
"My Baby",5
"Naito Shoji",5
"Nalani Yarns",5
"Ninapetrina",5
"Nyansera",5
"One Room Fibers",5
"Oyster Yarns",5
"Paradise Fibers",5
"Pixie Knits",5
"Plant-Dyed Wool",5
"Prairie Dye Studio",5
"Qiviut",5
"Radiant Yarnworks",5
"Rainbow Mills",5
"Rebecca Pick",5
"Roberta di Camerino",5
"Rock Creek Yarn",5
"Saco River Dyehouse",5
"Sajet",5
"Schwedenrot & Sternenglanz",5
"Sea Star Handpaints ",5
"Sheepspot",5
"SockBunny Studios",5
"Soven d.o.o.",5
"Spacefrog",5
"Spectrum Yarns Ltd",5
"Spruce Dragon, LLC",5
"Strauss Innovation",5
"Strengels",5
"Strick.bar",5
"Sundance Yarns (Herrschner's)",5
"Supa Yarn",5
"T:mi Pirkko Kähönen",5
"Tailored Strands",5
"Tanglewood Fiber Creations",5
"Textil-Gruppe Kurtenbach",5
"The Clay Purl",5
"The Cotton Garden",5
"The Drop Spindle",5
"The Yarn Bearer",5
"Tiber",5
"Times Remembered",5
"Tink",5
"Tongue River Farm",5
"travelknitter",5
"Treliske",5
"Tricoart SL",5
"Tricot Café",5
"Unraveled Designs and Yarn",5
"UrbanGypZ Artisan Yarn",5
"Valkyrie Yarn & Fibre",5
"Vartofta",5
"Vernito verpalai",5
"ViKanGarn",5
"Vlnika",5
"Wagner Wolle",5
"Wendy (India)",5
"Wilfert's",5
"Wollwerk",5
"WoolSilkLace",5
"Woven Art",5
"Xima",5
"Yarns International",5
"...a time to dye",4
"4 Points",4
"A.T. MacAuslan",4
"Abigail",4
"Albozzi Filati Alma",4
"AliCat Fiberarts",4
"Alpaca Dreams",4
"Altobish",4
"Angie's Studio",4
"Apple",4
"AppleSpice",4
"Appletons",4
"Argyll",4
"Auenleben",4
"Baby Alpaga",4
"Bamboo Is Green",4
"Bånsull",4
"Bear & Pants",4
"Black Tie Affair Yarns",4
"Bollekes",4
"Bonkers Handmade Originals (Bonkers)",4
"Botany",4
"Brooklyn General Store",4
"BugSnugger",4
"Cables & Lace",4
"California Cashmere Company",4
"Camilla Valley Farm",4
"Caress Luxury Yarns",4
"Caricia",4
"Carrousel",4
"Chasing Clouds",4
"Chat Pelote et Cie",4
"Cherrie's Essentials",4
"Cheryl Oberle",4
"Christopher Sheep Farm",4
"Citywool",4
"Cold Springs Creations",4
"Colonial Williamsburg",4
"Color Notes Yarn",4
"Colorways",4
"Colour by Me/tres/",4
"Cosmic Fibers Yarn",4
"Creative Yarns (UK)",4
"Cucirini Tre Stelle",4
"Darlaine",4
"Delaware & Raritan",4
"Designer Stitches",4
"Dream Art",4
"Dutch Knitting Design",4
"Dyed Bright Here",4
"Dyed in the Wool - Louisiana",4
"Dyelicious Yarn",4
"El Gato",4
"Eternity Ranch Yarns",4
"Evitskog Wool Works",4
"Fiber Ecstasies",4
"Fibreworks ",4
"Filati Biagioli Modesto",4
"Filati Tre Sfere",4
"Filatura Bracco",4
"finlandia",4
"Flausch",4
"Frankenskein Yarns",4
"Front Porch Fibers",4
"GaietyGirl Fibre Arts",4
"Gemini Knits",4
"Ginger Twist Studio",4
"Glenfiddich Wool",4
"Goddess Yarns",4
"Golden Sun",4
"Good Fibrations",4
"Granville Island Fiber Art Studio",4
"Greenbow Farm Yarn",4
"Gypsyknits",4
"Hand Dyed By Kate",4
"Hansen Hand Dyes",4
"Haviansa",4
"Henrichsens Uldspinderi",4
"Het Schaapje",4
"High Prairie Fibers",4
"Hilaturas Torrijo",4
"HilltopCloud",4
"Hole and Sons",4
"Hunters of Brora",4
"Hyena In Petticoats",4
"iKNITiatives",4
"Illoominated Yarns",4
"Itessa ",4
"Jämsän Huopatehdas",4
"Jaybeenee's Studio",4
"Jo.Knit.Sew",4
"Jumbo",4
"Kaiapoi",4
"Karstadt ",4
"Kelpie Fibers",4
"Kid Ewe Knot",4
"Kingfisher Yarns",4
"Knit Global",4
"Knit Go Craft",4
"Knit Purl",4
"Kofur Handelsgesellschaft",4
"KPC Yarn",4
"Lanafil",4
"Lanarte",4
"Lappajärven Värjäämö",4
"Laura's Loom",4
"Lazy Perry Ranch",4
"Lellabella",4
"Les Laines Douceur",4
"Les Soies de Marie",4
"Lister (UK)",4
"Lister Lee ",4
"London-Wul",4
"Lumiere Yarns",4
"Luscious Little Somethings",4
"MAB",4
"Mad Science",4
"Majestic Merino",4
"Majesty",4
"Marchen Art",4
"Margaret Stove",4
"Maria Cenoura ",4
"Meadowview Alpaca Farm",4
"Mercredi & Cie",4
"Merinangora Filati S.p.A.",4
"Mirosław Wnuk",4
"Miscellaneous",4
"Monster Knits ",4
"Moonbrand",4
"MoonWise",4
"Morgan's Fine Yarns",4
"Mundolana",4
"Munrospun Ltd.",4
"Narvik",4
"Native Yarns",4
"Naturfiber A/S",4
"Naurava lammas",4
"Nightingale Fibers",4
"No Two Snowflakes",4
"ny knitting co",4
"Olann Gra",4
"Opus33",4
"Orion Top ",4
"Oswal Woollen Mills Ltd.",4
"Our Humble Castle",4
"Out of Step Dyeworks",4
"Oxford Kitchen Yarns",4
"Passport Yarn Co.",4
"Peace Love & Yarn",4
"Perfect Day Yarns",4
"Perfect Pear",4
"PhDYarns",4
"Phoenix Dye Works",4
"Piiku",4
"Plied Together",4
"Prego",4
"Rainshadow Fibers",4
"Ranch of the Oaks",4
"Raveling Rose",4
"Riviera Yarns",4
"RosyRetro",4
"Savvy Skeins",4
"Shadawyn Fiber Arts",4
"ShamuMakes",4
"Silk Fabrics India",4
"Silver Creek Yarns",4
"Slonim Worsted Spinning Mill",4
"Snowshoe Farm",4
"Sockwave",4
"soho",4
"Sonoran Desert Dyed Fibers",4
"Soul Wool",4
"Spin Monkeys",4
"Spotlight",4
"Spritely Goods",4
"Star Castle Fiber Mill",4
"Stenliyarn",4
"Strikk",4
"Sumykamvol",4
"Superfine Wool Australia",4
"Susan Andrew Collection",4
"Suss Yarn",4
"Sweet Clement",4
"Swift Fiber Studio",4
"TailsandSnouts",4
"Tamm [Omega]",4
"The Clever Cat Knits",4
"The Fiber Imp",4
"The Hummingbird Moon",4
"The Kiwi Pop Studio",4
"The Natural Fibre Company",4
"The Twice Sheared Sheep",4
"Tierra Wools",4
"Timothy Street Yarns",4
"tinkus-handgefärbte",4
"Tomato Factory Yarn Co.",4
"Tricô Tricô Fios",4
"Two Juniper",4
"Ugly Sweater Yarns",4
"umschlagWolle",4
"Valdani",4
"Village Spinning and Weaving",4
"Visantia",4
"Vocabulary Yarn",4
"Wenco",4
"Wendy New Zealand",4
"White Bear Fibers",4
"Widdershin Woolworks",4
"WishFox Dyeworks",4
"WovenGems",4
"Yarn Daze",4
"Yarn Lust",4
"Yarn Makes Me Happy",4
"Yarn Source",4
"Yarn Source Manila",4
"Yarn Stash",4
"Yipianqing",4
"Yorn Boutique",4
"Yummy Yarns",4
"Zürcher Stalder",4
"3dogknits",3
"a little teapot designs",3
"Acker's Acres",3
"Alice Starmore - Vintage",3
"Alpacas d'Auxvasse",3
"Alpes S.p.A",3
"ALWO",3
"Angel's Kiss Alpaca Yarn",3
"AnitaYarn",3
"Antique Lion Fiber",3
"ANY",3
"Apples & Pears",3
"AquiLANA",3
"Aran Sweater Market",3
"Ariadne",3
"Arnica",3
"Artefil S.L. ",3
"Artsygal",3
"Aunt Peggy's Closet",3
"Baguio's Hangar Market Yarn",3
"Bay Ridge Dye Works",3
"Big Alice Dyes",3
"Bigwigs Angora",3
"Bilby Yarns",3
"Black Sheep Creamery Wool",3
"Blarney Yarn",3
"Blind Buck Farm",3
"Blue Elephant Yarns",3
"Blue Highway Hand Dyes",3
"Bobbiny",3
"Bohoyarns",3
"Botto Giuseppe",3
"Brambleberry Yarns",3
"British Mohair Spinners",3
"BuenaSuerte",3
"Busse Wolle",3
"Butternut Woolens",3
"by Wollbiene",3
"ByJaZa",3
"Canetta",3
"Cape Breton Woolen Mills Ltd.",3
"Cariad Fiber Art ",3
"Caryn's Creations",3
"Catherine Lowe Couture Yarns",3
"Ceallach Dyes",3
"Cedar Hill Farm Company",3
"Celtic Memory Yarns",3
"Cheksil ",3
"ChevGirl Designs Yarn",3
"Chewy Spaghetti",3
"Chuckanut Bay Yarns",3
"Coastal Colours",3
"Color Fest Fiber Arts",3
"Coop Danmark A/S",3
"Copley's",3
"Corna",3
"Craft.Two.Three",3
"Crash Into Ewe",3
"Creating with Sticks",3
"Creative Fibres",3
"Creative Yarns International",3
"Creslan",3
"Danys verwickelte Farbtraeume",3
"Dark Nights and Yarn Dreams",3
"Delphi",3
"Desert Bloom Yarns",3
"Devere Yarns",3
"Dharma Dyeworks",3
"Dizzy up the Girl",3
"Donegal Wool Spinning Company",3
"Dragon Strings",3
"Duren DyeWorks",3
"Dyed in the Wool Yarn Co.",3
"Dyed in the Wool, Ltd.",3
"Earthly Hues",3
"Enchanted Meadows",3
"Evil Genius Dye Lab",3
"Eweneek",3
"Excel",3
"Excel Craft",3
"Fabulous Fibers",3
"Femme Fatale Fibers",3
"Fiber and Art",3
"Filana",3
"Filati Torre",3
"Fili & Fili",3
"Fiolã",3
"Fleece Cottage Yarns",3
"Fondant Fibre",3
"Foothills Yarn & Fiber",3
"Forest Hill Yarns",3
"foxis-hobbycorner",3
"Freshisle Fibers",3
"Frontier Fiber Mill",3
"Ganga Acrowool",3
"Ganxxet",3
"Gold Bell",3
"Gomitoli's in the Mood for Knitting",3
"H. P. Cotton Textile Mills Ltd.",3
"Hampton Artistic Yarns",3
"Handsome Fibers",3
"Headwater Wool",3
"Heidruns garner",3
"Helios Fibers",3
"Heritage Hand Dyes",3
"Hermit",3
"Het Wolbeest",3
"Hidden Valley Yarn",3
"Hilandera Maisa",3
"Hilos Tren",3
"Hinterland",3
"Hippie Penguin Fibers",3
"Homestead Heritage",3
"htNEVELE designs",3
"HTT Carloway Mills",3
"Inis Wollerei",3
"Innuendo Fibers",3
"Insouciant Hair",3
"IR♥ ",3
"Jackalope Fibers",3
"Jacques Fonty - Vintage",3
"Jindeli Wool",3
"Kangaroo",3
"Kanzawa かんざわ株式会社",3
"Klippan Saule",3
"Knit Cozy",3
"Knit Witch ",3
"Knitabulous Yarn",3
"KnitByBart",3
"KnitCore",3
"KnitMomWi Handspun",3
"Knitting Craft",3
"Knitting in France",3
"knitting4fun",3
"KnittinK",3
"KnittyK8",3
"Knitwise Pricewise",3
"Knitwit Originals ",3
"Knockando Woolmill",3
"KOKUYO",3
"Kollektion der Vielfalt",3
"Kolorkraft",3
"Krystal Acres Alpaca",3
"La Lana Wools",3
"La Petite Indienne",3
"Ladybug Loops",3
"Laines du Ménez Hom",3
"Lama",3
"Larkshead",3
"LARS - Institute of Arctic Biology",3
"Liberty Fibers",3
"Limageda",3
"Limol",3
"little dyeworks",3
"Little Turtle Knits",3
"Lofoten Wool",3
"Lollipop Cabin",3
"Lollipop Fiber",3
"LORD",3
"Love Spun Yarns",3
"Lovesticks",3
"M.H. Yarns, Inc.",3
"Mama E's C*EYE*BER Fiber",3
"ManCrochets",3
"Marion's Sock Yarn - Germany",3
"MarLen",3
"Mein Wollshop ",3
"MelissanthieYarns",3
"Merck Forest",3
"Merlin The Cat",3
"Mi Madeja",3
"Midnight Sheep",3
"Milana Hilados",3
"Miss Tricot Filati",3
"Mister Joe",3
"Mollycoddle Yarns",3
"Moloyarn ",3
"Montgomery Ward",3
"Mooncake Yarn, Inc.",3
"Mt. Rutsen Studio",3
"Muna Quni",3
"Mybootee Boutique",3
"Mythic Yarn",3
"Nadezhda's Crayon Box",3
"Naturgarn.DK",3
"Needle Food",3
"New Hue Handspuns",3
"Newbury Yarns",3
"Nomis Yarn Company",3
"Nomotta",3
"North Cabin Fiber-Crafts",3
"North Ronaldsay",3
"Northern Lights Fiber Co.",3
"O'Maille",3
"Oddity",3
"Old Town Yarns",3
"Oliver Twists",3
"Oregon Worsted Company",3
"Orlis",3
"Our Back 40",3
"Over the Rainbow",3
"Oy Finlayson Ab",3
"Painted Skeins",3
"Peaceful Pastures Alpaca",3
"Pepperell Braiding Company",3
"Pflanzenfärberei Kroll",3
"Pinestar Studio",3
"pinkebody",3
"Première",3
"Pure Laine etc",3
"Purlescence Yarns",3
"Purple Rainbow Yarns - Hand Dyed Yarns",3
"Queensborough Farm Alpacas",3
"R & M Yarns",3
"Radius",3
"Raijan Aitta",3
"Rainbow Wools",3
"ReBelle",3
"Reddy",3
"RedThread",3
"ReSkein",3
"Revelations of a Delusional Knitter Yarns",3
"Rikker Gyapjúfonó",3
"Rivendale Farms ",3
"Rocky Mountain Fiber Arts",3
"Roman Hills",3
"Rosewood Wool",3
"Royal Fiber Spinnery",3
"Royal Society",3
"RSK greenshop",3
"Sannsticks",3
"Scandinavian Weave and Knit",3
"Serendipitous Ewe",3
"Shades of Cashmere",3
"Shaker Yarn",3
"Sheared Bliss Fibers",3
"Sheeping Beauty",3
"Sheepish Grin Knit Company",3
"Shelby B's Designs ",3
"Shetland Organics",3
"Signatur Handknits",3
"Silkwood Yarns",3
"Silver Cloud Alpacas",3
"Silver Rose Ranch ",3
"Skeins",3
"Sleeping Dragon",3
"SockPixie",3
"Southwest Spectrum",3
"Spring Gate Farm ",3
"Spunkyarn",3
"Steadfast Fibers",3
"Stitch & Story",3
"Stitch Solihull",3
"Stone Soup Fibers",3
"Storm Moon Knits",3
"STRAND",3
"Studio Avenue Six",3
"Studio Out Back, LLC",3
"SugarBubbie",3
"Suomen Lanka Oy",3
"Susan Bates",3
"Sweatermaker Yarns",3
"Sweety ",3
"T & H Fiber Works",3
"Tale Spun Yarns",3
"Tawny ",3
"Tedi",3
"Texas Dyed Wool",3
"Thank Ewe",3
"The Border Tart",3
"The Nude Ewe",3
"The Painted Sheep",3
"The Silk Drop",3
"The Woodland Pixie",3
"The Yarn Tree",3
"The YoYo",3
"Thirteen Mile Lamb and Wool Co.",3
"Tolle-Wolle",3
"Toscano",3
"traveling rhinos",3
"Tricotin.com",3
"Trio Wolle AG",3
"Tucana's Dream",3
"Two Ewes",3
"Two Windows Dye Company",3
"Växbo Lin",3
"Venne Colcoton ",3
"Vermont Alpaca Company",3
"Vermont Yarn Co.",3
"Villawool",3
"Wabi Sabi Yarns",3
"Wangaratta Woollen Mills",3
"Warm Pixie - Pixie.DIY",3
"Wee Chickadee Woolery",3
"Weird&Twisted",3
"Weldraad",3
"Wellington",3
"Weston Hill Farm",3
"white oak studio",3
"Wildwood Acres Alpacas",3
"Wilkinson",3
"Willow Knits",3
"Winding River Fiber Arts",3
"Wired for Fibre/Live 2 Knit",3
"WoHa Hamburg",3
"Woll-land",3
"Wollknoll",3
"Wollschickeria",3
"WollSchnegge",3
"Wolseley Wool",3
"Wool Therapy",3
"Woolie Batt",3
"Woollybear Yarns",3
"Woolworth",3
"XiaoTianShi",3
"Xintia",3
"Yarn Stash Pmb",3
"Yarn with love",3
"Yarnivorous",3
"Yarns of Italy",3
"Yarnscape",3
"YarnZone.com",3
"yesterdaydream",3
"YLI",3
"Yubina",3
"Z. Hinchliffe & Sons",3
"Zareska",3
"Zayre",3
"Zelda's dippins",3
"31Rubies",2
"A Piece of Vermont Yarn & Fiber",2
"A.C.A.",2
"A.L. de Sauveterre",2
"Acid Veil Dye Works",2
"Adobe Knits",2
"Adrianwool",2
"Aholaidan tila",2
"Aislon",2
"Alaska Sister Yarns",2
"All Things Heather",2
"Allicats Designs",2
"Almedahls",2
"Alpaca Country Fina",2
"Alpaca Direct",2
"ALPACA EKEKO’S",2
"Alpacas of Oregon",2
"Amber Threads",2
"Amelia and Wiggles",2
"Anboshi ",2
"Andean Yarns",2
"Andeylayne",2
"Angora Online",2
"Antonio del Rio",2
"Appalachian Sock Company",2
"APPAM",2
"AR Garne ",2
"Aragon Yarn",2
"Ardilanak",2
"Arvita",2
"Astraea Meris",2
"Ateljé Margaretha",2
"Ava Yarns",2
"Awesome Possum",2
"Axtell Creek Designs",2
"B.M.S. Yarns",2
"BAERENWOLLE",2
"Bamboo",2
"Bare Sheep Yarn Company",2
"Baynoddy",2
"Beaker Button",2
"Belacryl",2
"Bella",2
"Belle Epoque Hand Dyed Yarns",2
"Belle Valleé Wools",2
"Bene Nati",2
"BIAGIOLI MODESTO ",2
"Biemmeffe",2
"Bimtex",2
"Birkeland Bros. Wool ",2
"Black Hills Wool",2
"Blackbird Fibers",2
"BlackSheepFibers",2
"blaurosagrün",2
"Blazing Needles",2
"Bobbie Sox Yarns",2
"Bonimart",2
"Born in a Barn",2
"Bowden Alpacas",2
"Brèagha Yarns",2
"Breezy Ridge Alpacas",2
"Bright Dyes",2
"Bright Sparks",2
"Britanica",2
"Brooklyn Handspun",2
"Brown Paper Packages",2
"Bungalow Farm",2
"Burrow & Soar",2
"Butterfly Girl Designs",2
"by Annie Claire",2
"Cabin Cove Mercantile",2
"Cameron Trading Post",2
"Canaan Mohair",2
"Canadian Alpaca Products",2
"Canguro Wool",2
"Capistrano Fiber Arts Studio",2
"Carolina Homespun",2
"Carriage House Woolens",2
"Casa Holandesa",2
"Cashmere America",2
"Catherine Earnshaw",2
"Catnip Yarns",2
"Cavey Family Sheep and Wool Company",2
"Centor Warenhandelsgesellschaft GmbH",2
"cha0ticYarns",2
"Chickeninthewoods",2
"chickpea yarns",2
"Chinook Winds Bison Yarn and Fibers",2
"Chroma Yarns",2
"Clan",2
"Clara Falk",2
"Cloud 9 Fiberworks",2
"Coats Crafts UK",2
"Cobb Cabin Crafts ",2
"Cobblestone Creek Farm",2
"Coldharbour Mill",2
"Collection Gamma",2
"Color Me",2
"Color Me Happy",2
"Colorbug Yarns",2
"Colorstorms",2
"Colque",2
"Condon's Yarns",2
"Conversational Threads",2
"Copley",2
"Copley Lotus",2
"Cornish Organic Wool",2
"Cornish Wools",2
"Cosmos Yarns",2
"Crafty Lady Trio ",2
"craftypuppylover",2
"Créations du Bochaine",2
"Creative Yarns (NZ)",2
"Cricket Cove",2
"Crown",2
"Curious Yarns",2
"Curl Yarns",2
"Czarina",2
"Dark Yarns",2
"David Grains",2
"Defiknition",2
"DHG",2
"Di Gilpin",2
"Diversan",2
"Dolores Morillas S.L.",2
"Dongbao",2
"Doodles in String",2
"Dorchester Farms",2
"DreamPassion",2
"Drooling Over Yarn",2
"Duode",2
"Dutch Yarn",2
"Dyed by Darrell Unique Handprints",2
"Dyed in the Wool Handmade",2
"Dyepot.com",2
"Earth Guild",2
"Eccentric Four Fiberworks",2
"Echoview Fiber Mill",2
"Eclectic Lemon",2
"Edit & Ingrid",2
"eka",2
"Eko handfärgade garner",2
"Elite",2
"Elite Specialty Yarns - Vintage",2
"Emerald Lotus Fiberarts",2
"Emmebi",2
"Emotive",2
"EnviroTextiles, LLC",2
"Estambres Karina",2
"Et Cetera Crafts",2
"Euro-Tex",2
"Ever Improving Me",2
"Ewe-Phoria Yarns",2
"Ewereka Yarn",2
"Fairyblue",2
"Faith Hope & Yarn",2
"Faking Sanity",2
"Falkland Island Sheep Owners Association distributed by Viking Wool Ltd",2
"Fall Creek Fibers",2
"Fan-Pel Collection",2
"Fancy Pants Fiber",2
"Fancy-Knit",2
"Farm Fairy Fiber",2
"Farmablefibres",2
"feinstdesign by Wollmobil",2
"Ferndale Fiber",2
"Fiber Accent",2
"Fiber Fantasy Knitting Products",2
"FiberObsessions",2
"Fibre Story",2
"Fiddlesticks Devon",2
"Filati Bertagna ",2
"Filati Buratti",2
"Filati del Castello",2
"Filati Italian Collection",2
"Filatura Pettinata",2
"Filature Terrade",2
"Filore",2
"First Edition Fibres & Yarns",2
"First Lady",2
"Flickertail Fibers",2
"Flipbrat",2
"Flock and Needle",2
"Fluff-n-Stuff",2
"Fontana",2
"Fox & Flower",2
"Fox Brand",2
"Frank's Crafts",2
"Freia",2
"Frelsi Farm",2
"Froggy Bottom Boutique",2
"Gale Woods Farm",2
"Giant Cricket Farm",2
"Giesse Scampoli",2
"Giftig Yarn",2
"Girl on the Rocks",2
"Glenora Weaving & Wool",2
"Glückskind Yarn",2
"Gosh! Yarns",2
"Gothic Yarns",2
"GoToYarns",2
"Gourmet  Stash",2
"Gourmet Crafter Yarn",2
"Gowrie Wools",2
"Grant Crest",2
"Green Eyed Monsters",2
"Gregoria Fibers",2
"Grunnebo",2
"Gütermann",2
"Hambley",2
"Handknitting.com",2
"Handweberei Sirko Galz",2
"Haneke Wool Fashions",2
"Hanks In The Hood",2
"Happy Spider",2
"Harris Tweed and Knitwear",2
"Harvest Winds Farm",2
"Hedängens",2
"Helsingin Villakehräämö Oy",2
"Hemptique",2
"Hilados Panda",2
"Hilanse",2
"Hippy Pippy",2
"HK Spindles & Fiber",2
"Hobipunkt",2
"home craft",2
"House of A La Mode",2
"Hugo Boss",2
"Hyshaw",2
"Iamb-Dyed",2
"ILO Yarn",2
"IndianSilkShop",2
"Industria Italiana Filati",2
"Inked Knits",2
"Intention Yarns",2
"Inti Alpaca",2
"Irish Spinners Ltd.",2
"Itav Handelsgesellschaft mbH",2
"Janna Maria",2
"Jazzturtle Creations",2
"Jefferson Farms Natural Fibers ",2
"Jennifer Joy Creative",2
"jesspins",2
"JJ's Specialty Yarns",2
"Jody Long",2
"Johnstons of Elgin",2
"Joji",2
"Jolly Jumbuck",2
"Jomil",2
"Joy of Life",2
"Justaby",2
"jwrayco",2
"Kaboodlehed",2
"Karen's Kolorways",2
"Karoo Moon",2
"Kaschka Originale",2
"Käsitöölõng",2
"Katsara Luxury Yarns",2
"Kempes",2
"Kid Hollow Farm ",2
"Kindred Yarn & Design",2
"Kitty Grrlz Handspun Yarns",2
"Kitty Mine Crafts",2
"Kiwi",2
"KNIT KNIT",2
"KnitGo",2
"kniTime",2
"Knitspot FIFC Special Edition",2
"knitty gritty",2
"Knitwitz",2
"knottygnome yarns",2
"Koenig Farm Spinnery",2
"Kollabora",2
"Kona Bay Knitting",2
"Kreativsucht",2
"Kumbeshwar Technical School",2
"Kyla's Lab: Textile Arts & Accessories",2
"La Alpaca",2
"La Boule de Neige",2
"LA-LA-MA",2
"Laines Du Bon Pasteur Et De Saint-Epin",2
"lamb + wolf",2
"Lana KAM ",2
"Lanas Puras Yarns",2
"Lancaster County Yarns & Wools",2
"Lanerossi",2
"Lazy Pi Farm",2
"Le lane di Biella",2
"Le Petit Grain Saint Valery sur Somme",2
"Lee Target",2
"Leine Merino",2
"Lia Knits",2
"Lichen and Lace",2
"Lickety Stitch",2
"Lindewol",2
"Linea HP",2
"Lis Yarn",2
"Little Dog Designs",2
"Little Piggy Yarns",2
"Little Sky Handmade ",2
"LittleFreak Yarns",2
"Long Ridge Farm",2
"Loops",2
"Lora & Festa",2
"Lora Festa",2
"Lotus Shakun Cashmere Spinning Co. Ltd",2
"Love Ewe Yarns",2
"Lovely Treasures",2
"Lunayarns",2
"Luxury Yarns",2
"Madame Lutuss",2
"MadaSilk ",2
"maille name is",2
"Malina Company",2
"MamaZooma",2
"Marigold",2
"Martha's Vineyard Fiber Farm",2
"Massoni",2
"McMullin Fiber Co.",2
"Melrose Yarn Company",2
"MeRo-Colors",2
"MEZ",2
"Midgaard Naturals",2
"Mielitty",2
"Milk",2
"Minnehaha Fiber Works",2
"Miss Helen",2
"misshawklet",2
"Mistralee Farm Studio",2
"Mohair du Soleil",2
"Mohair in Motion",2
"Momy's knitting",2
"Montana Sweater Co.",2
"Morandia's MIB Fibers",2
"Morning Moon Alpacas",2
"Mother Frogging Yarns",2
"Mother Nature's Yarn",2
"Mountain Girl Yarns",2
"Mustard Seed Yarn Lab",2
"MySmallWonders",2
"N.N.",2
"Nash Farm",2
"Naturwolle Fritzsch",2
"New Lanark Organic Wool Spinners",2
"NEWAIM Fiber Mill",2
"Nezinscot Farm Wool",2
"Nihon Vogue ",2
"Noelle's Noodles",2
"Norfolk wools ",2
"North East Yarns",2
"North Woods Farm Fiber & Yarn",2
"Northeast Fiber Arts Center",2
"Northern Sky",2
"Nunoco",2
"Nysta",2
"Odalee Fibers",2
"Odd-ish Creations",2
"On a Quest for Fiber",2
"On the Inca Trail",2
"One Fat Slug",2
"Orlec",2
"Pacific Meadows Alpacas",2
"Painted Spring Farm Alpacas",2
"Pandoras Yarn",2
"Paramount Têxteis",2
"Passe-Partout",2
"Pecci Filati",2
"Pendleton",2
"Penney's ",2
"Perfil",2
"Perran Yarns",2
"petitboutdemoi",2
"Philmont",2
"Phirble",2
"Piedmont Yarn",2
"PJT  Paul & Jean Tiberghien",2
"Planet Earth Fibers",2
"Prairie School Farms",2
"Prestige",2
"Pretty Purly",2
"Princesse des Neiges",2
"Projo",2
"Propaganda Yarn",2
"Purls of Tucson",2
"Quadrille Publishing",2
"Quinnehticut Woolen Co.",2
"Quixotic Fibers",2
"Quo Vadis Handspun",2
"Raffaele Vitolo",2
"Rainbow Hand Dyed",2
"Rainbow Twist Handspun",2
"Rainey Creek Fiber",2
"Rat & Avig",2
"Record",2
"Reginella",2
"Richard Poppleton",2
"Riesaer Betten",2
"Ring of Fiber",2
"Rio Grande",2
"Rivanna River Farm",2
"RiverPoet Fiber and Yarn",2
"Riverslea Farm",2
"Robincat Yarns",2
"Roby",2
"Rochelle",2
"Rocket Yarn",2
"Rogue Adventures",2
"Romanina Lanas",2
"Rosebriar Fibre",2
"Rosie's Studio",2
"Rössler Garn GmbH",2
"Roubaix Wool Co.",2
"Round Mountain Fibers",2
"Rovings",2
"Ruskovilla Oy",2
"Ryan Yarn",2
"S Twist Wool",2
"Safira",2
"Samantha In Stitches",2
"samasei",2
"Sandrasingh.com Yarn",2
"Sarah Dyed",2
"Schaf am Deich",2
"schoenefarben",2
"SDS s.r.o.",2
"Selanusa",2
"Selavis Wollideen (Ebay)",2
"Serenknitty",2
"Sewing Box",2
"Sheep and Pickle Farm",2
"Sheepland",2
"Sheikh",2
"Shenanigans Yarn, inc.",2
"Sherwood Exports Ltd.",2
"Sidi's",2
"Silent Valley Alpaca",2
"Silk Road Needlearts",2
"Silke",2
"Sirritogv",2
"Snugglebots",2
"SockYarnManiac",2
"Sofil",2
"Soft Rainbow Yarns",2
"Sogei 創芸",2
"Sosae Caetano Fiber Arts",2
"Spencer Hill Spinning & Dyeing",2
"spin shoppe",2
"Spindle Cat Studio",2
"Spinning a Yarn",2
"Spinspanspun.etsy.com",2
"Squirrel Stash",2
"Stansborough",2
"Starteks Textile",2
"Stedmans",2
"Steffis Wollzauber",2
"Stellar Fibreworks",2
"Stepping Stone Farm Alpacas",2
"Stitch Sisterz",2
"Stitches Under the Sun",2
"Stoddart Family Farm",2
"Stone Edge Fibers ",2
"Studio North",2
"Sue Ryder",2
"Sulky",2
"Sunrise Alpacas",2
"Superior Threads",2
"SuriPaco",2
"Swallow Hill Creations",2
"Sweet Sheep",2
"Syn-Fil",2
"Tait and Style",2
"Tansy Yarn Company",2
"Tapestry Craft",2
"Techniacril",2
"Tekstiiliteollisuus Oy",2
"Tell Tale Yarn Company",2
"Tenacious Fibers",2
"Textil Andino",2
"The Asylum For Wayward Yarn",2
"The Cosmic Bat Studio",2
"The Flock Bransonas",2
"The Girl Who Crafted",2
"The House of Wool",2
"The Kiwipop Studio",2
"The Knit Knacks",2
"The Mannings",2
"The Mulberry Dyer",2
"The Net Loft ",2
"The Pampered Pachyderm",2
"The Quizzical Owl",2
"The Rocking Yak",2
"The Shearer's Yarn",2
"The Stashbuckler",2
"The Swatchmaker",2
"The Thylacine",2
"The Twisted Knitter Hand Dyed Originals",2
"The Wool Kitchen",2
"The Woolshed",2
"Three Little Crows Fibre Arts",2
"Three Violet Buttons",2
"Tina of California",2
"Tintagel Farm",2
"TitiTyy",2
"TM Imports",2
"Toika",2
"Toyobo",2
"Trap-art",2
"Tree Frog Knits",2
"Treisur",2
"TréLiz",2
"Trendsailer",2
"Trolli im Rausch der Farben ",2
"TSM",2
"Turtle Cove Farm",2
"Tutto Santa Fe",2
"Twist Fiber Studio",2
"Ulstrup Garn",2
"Undercover Otter",2
"Universal Yarn - Japan",2
"Upton Yarns",2
"Valentine Arts",2
"Valuruguai",2
"Valvilla Oy",2
"VEB Vereinigte Baumwollspinnereien und Zwirnereien",2
"Victoria ",2
"Villa Laurila",2
"Virtain Villa",2
"VPI Dyes",2
"Wadsworth",2
"Walnut Creek Yarn Company",2
"WC Mercantile",2
"Wendy Dennis",2
"West Valley Alpacas",2
"wetema",2
"Whimzy Pinzy Creations",2
"WhirlExpo",2
"Whirlwind Ranch",2
"Wibbo's Works",2
"Wild Apple Hill Farm, Ltd.",2
"Wild Orchids Fiber Arts",2
"Wild Wood Wool",2
"Wildwood Yarns",2
"Willmark",2
"Willo Fibres",2
"Willow Fairy Wool",2
"Willow Glen Farm",2
"Wiltex Threads",2
"Windsor Farms Rabbitry",2
"Wolcentrum Nederland",2
"Wolle mit Herz",2
"Wolle-Halle",2
"Wollrad",2
"WonderArt",2
"Woodstock Knits",2
"Wool & Woollen",2
"Wool Society",2
"Woolen Horse",2
"Woollisa",2
"Woolly",2
"Woolly Boully ",2
"woolworxx yarns",2
"Wooly Wonders by Nada",2
"Xinli  Wool Spinning Co., Ltd.",2
"Xray Ann",2
"Yampa Valley Fiberworks",2
"Yarn Ahoy",2
"Yarn Bazaar ",2
"Yarn Botanika",2
"Yarn by Mills",2
"Yarn Garden",2
"Yarnandkisses",2
"Yarns Plus",2
"Yliristniemen TIla",2
"Young Yarns",2
"Zarzuela's Fibers",2
"Zwartbles Ireland",2
"Þingborg",2
"Карачаевский трикотаж",2
"1 Akasha Zeropoint Colorworks",1
"123knit",1
"19 projects",1
"21st Century Yarns",1
"3 Knotty Ladies",1
"a fine fish yarns",1
"A Little Bit Sheepish",1
"Abner Jones Art Yarns",1
"Acacia Yarns",1
"Accademia",1
"Actual Size Creations",1
"Adventure Yarns",1
"Agro gefachte Farbenwunder",1
"Agro Köln",1
"Aipeng ",1
"Akkon Iplik",1
"al-abrigo",1
"Alcotex",1
"Aldemir",1
"Alice in Stitches",1
"Alkena",1
"All Spun Up",1
"All Things Nice",1
"Alligator Knits",1
"Alondra Lanas",1
"Alpaca Avenue",1
"Alpaca Export",1
"Alpaca Fiber Studio",1
"Alpaca Loft",1
"Alpaca Ultimate",1
"Alpacabilities",1
"Alpacas of Prairie Station",1
"Alpacas of the Heartland",1
"Alpacas of Wildcat Hollow",1
"Alpacas of Windswept Farm",1
"Ambar",1
"Ambrosia Cottage",1
"Ambrosia Yarns",1
"Amore Alpaca",1
"Amy's Rainbow",1
"An Pucan",1
"Ancient Threads",1
"Ancient Treasures Alpaca Ranch",1
"Andrea Yarn",1
"Andrew Stewart",1
"Andromeda Knits",1
"Anette's Wollwerkstatt",1
"Angelico",1
"Ann Collins",1
"Anna Belle",1
"Annabelle's Collections",1
"AntiSocialButterfly",1
"Argyle Fiber Mill",1
"Argyll Wools Ltd.",1
"Arma",1
"Art of Xen",1
"Ashabee's Fiber Oasis",1
"AStringofPurls",1
"Atelier Garance",1
"Atelier Hoffmann",1
"Atelje Norrgården",1
"Atomic City Fibers",1
"Aurora Silk",1
"Australian Tapestry Workshop",1
"Autumn Mist Alpaca Farm & Fiber Mill",1
"averageshark",1
"Avery Allison Yarns",1
"Avia",1
"Ayr Scotch Wools, Inc.",1
"B&W Woolery Handspun Yarns",1
"Baby",1
"Backward Sheep Yarns",1
"Bad Kitty Yarns",1
"Barn Cottage",1
"Battenkill Fibers",1
"Baywood Yarns",1
"Beautiful LOLA",1
"Becreatif Alpacas",1
"Bee's Knees Knitting",1
"Beech Hill Farm",1
"Bellanet",1
"Bellisimo Knitting Yarns",1
"Bernat Klein",1
"Berwick",1
"Best Of Wool",1
"Birkegårdens Mohair",1
"BitsyKnits",1
"Black Cat Fibres",1
"Black Oveja",1
"Blackberry Hills",1
"Bleating Heart Haven",1
"Blokker",1
"BloomingYarns",1
"Blue Acorn Woolens",1
"Blue Castle Fiber Arts ",1
"Blue Dolphin Dyeworks",1
"Blue Earth Dyeworks",1
"BluetoothToaster Yarns",1
"Bo-Rage Yarns",1
"Bogerud",1
"Bonita Yarns",1
"Bora Knits",1
"Boselli Filati",1
"Breigaren",1
"Brier Run Alpacas",1
"BriggyKat",1
"Bristol County Dyeworks",1
"British Bea Knits",1
"British Mohair",1
"British Wool",1
"Brookfarm Alpaca",1
"BST Kortrijk",1
"Bubbo Designs",1
"Buckeye Farm",1
"buntART",1
"bunte wolle",1
"Bunte Wollmaus",1
"Buntes Hexenwerk ",1
"Buntspecht",1
"Burgis Brook Alpacas",1
"Butterfly Yarns",1
"ButterflyBush Yarns ",1
"By sue MacBride",1
"Cafe Knit",1
"Caldor",1
"Camas Creek Yarn",1
"Campo",1
"Camus Natural Wools",1
"Candy Hoeschen Fiber Artist",1
"Cape Mohair",1
"Carine",1
"Carstarphen",1
"Casa Lana",1
"Cashmere Cave",1
"Cat & Sparrow Fibres",1
"Ceaberry's Haberdashery",1
"Chara Craft and Yarn",1
"Charisma",1
"Charlotte Yarn Hand Dyed",1
"Chassagne Farm",1
"Cherie Anne Designs",1
"Chester Farms",1
"Chestnut Bay Fibers",1
"Chicka Chic",1
"Chilla Valley Alpaca",1
"Chopped Tomatoes",1
"Christi's Choice ",1
"Chroma Fiber",1
"Chrysalis Fibers",1
"Citronille",1
"Clifton Wool 'n' Things",1
"Cloverleaf Farms",1
"Clutch",1
"Coats Cucirini",1
"Coats Fabra",1
"Cobun Creek Farm",1
"Cocoa Beach Yarn Company",1
"Colca Fashions ",1
"Colonial Fiber Arts",1
"Colorfield Farm ",1
"Colorful Nest",1
"Colorful Yarn",1
"Colors to Dye For",1
"Colours by Adrian of Edinburgh",1
"Colruyt",1
"Columbia",1
"Coniston Fibres Ltd",1
"Connie Taylor",1
"Coordinated Colors",1
"coriand3r knits",1
"Cottage Industry",1
"Cotton Fields",1
"Country Craft",1
"Country Life",1
"County Alpacas",1
"Cowgirlknitz ",1
"Crafts",1
"Craftspun Yarns",1
"Crafty Desires",1
"Crafty Orchid's Fibers",1
"Cranberry Creek Fibers",1
"Creature Comfort Craftworks",1
"Creskeld Yarns",1
"Cristal",1
"Culture Pop",1
"Cupcake Ranch/Art Club",1
"D'Aoust",1
"Dahlia's Curls",1
"Daily Fibers",1
"Dances with Wools",1
"Dances With Yarns",1
"Das bunte Vlies",1
"Das Schneeschaf",1
"Das Strickjulchen",1
"Dawning Dreams",1
"DDJD",1
"De Vaort Angora",1
"Debutante Yarns",1
"Decorative",1
"Dekor Benker Textil",1
"Delicious Yarns by Angie",1
"Desert Garden Farms",1
"DesiLoop",1
"Devon Fine Fibres",1
"Diamond Fibers",1
"Die Mercerie",1
"die Stricknadel",1
"Dille & Kamille",1
"Dixie Yarns Inc.",1
"Domaine des Nobles Alpagas",1
"Dome Hill Yarns",1
"Doodlebirds Creations",1
"Dora's",1
"Dorothée Bis",1
"Dotori ",1
"Dragonfly's Designs & Fibers",1
"Drakes Hill Farm",1
"Draygone Yarnes",1
"Dreamspinners",1
"Dripping Fiber Studios",1
"Dupont",1
"Dutch Girl Yarns",1
"Duttons Yarns Limited",1
"Dyed And Proud",1
"Dyed by DaniDo",1
"dyedream",1
"Dyeing for Fiber",1
"Dyeing to Please",1
"Dyetex Inc",1
"Dyewishious Yarns & Fibers",1
"E. Miroglio",1
"Eagle",1
"Eastland Alpaca",1
"eat agar",1
"ECAFIL",1
"Eckschlager",1
"El Corte Inglés",1
"electrictree yarns",1
"Elgin Knit Works",1
"Eliade",1
"Elizabeth's Designs",1
"Elotroi",1
"Emilcotoni",1
"EmilyMade",1
"Empty Pockets Alpaca Farm",1
"EPA",1
"Erdos District of Dongsheng City Jinli Textile Co., Ltd.",1
"Erica Laurell",1
"Esmeralda",1
"Estambre del Bosque",1
"Estambres Italia",1
"Esther's Place",1
"Eva Baby Designs",1
"Everbilt",1
"Exquisitely Angora ",1
"Extri",1
"F. W. Hughes",1
"Fab Fibers",1
"Faber & York",1
"Faery Fiber",1
"Fago Knitting Yarn",1
"Fairfield Yarns",1
"Fairy Yarnmother",1
"Fakta",1
"Falling Leaf Yarns",1
"Fangrrl Fiber Arts",1
"Fantaçia",1
"Fantasia ",1
"Farbenspielerei",1
"Färbergraben",1
"Farmhouse Fibers",1
"fashion collection mix",1
"Fashion Knitting Company",1
"FDB",1
"Felicia Knock",1
"Felicitas",1
"Fencerow Fibers",1
"Ferncrest Farm",1
"Fiber Art Cafe",1
"Fiber Artemis",1
"Fiber Arts Republic",1
"Fiber Fancy",1
"Fiber Pieces",1
"Fibers 4 Ewe",1
"Fibre Spectrum Handweavers Coop",1
"Fibre2go",1
"FibreRevolution",1
"Fibres Exotica",1
"Fibretales",1
"Fiddlesticks (Australia)",1
"Figgi Yarns",1
"Filaro",1
"Filatura Di Pollone Srl",1
"Filatura Power",1
"Filatura Sanfilo SPA",1
"Fili d'Arte",1
"Fili Di Casa Fendi",1
"Filitaly",1
"Filosophy",1
"Filpunto",1
"Firwood Farms Alpaca",1
"Fistful of Fiber",1
"Fjällbete",1
"Flaggy Meadow Fiber Works",1
"Flatland Alpacas",1
"Fleecewood Farm",1
"flower coloured yarn",1
"FLUFF",1
"Fonalclub",1
"Forbidden Fleece",1
"Fountain City Fibers",1
"Four Directions Studio",1
"Fox Brand Yarns",1
"frau mascha",1
"FreckleFaceFibers",1
"Friends",1
"Friggafantasy",1
"Frog Hair Fibers",1
"Fruit of the Loom",1
"Fruitcake Farm",1
"Garda",1
"Garden Party Fibers",1
"Garntjanst",1
"Garry Owen",1
"Gaspereau Valley Fibres",1
"Gateway Fibreworks",1
"GeekString",1
"Gemini Innovations",1
"genevieve's",1
"Georgia Yarn Company",1
"Gerifil",1
"Gert's Glow House",1
"Gifi",1
"Giggle Jelly",1
"Gil et Puce",1
"Gnarled Paw",1
"Gold Label ",1
"Golden Fleece",1
"Goldfish Love Fibers",1
"Grand River Yarns",1
"Grand'mere",1
"Grandius",1
"Great Northern Knitters",1
"Green Elephant Hand Dyed Yarn",1
"Green Prairie Fibers",1
"Green Tea Studios",1
"Greenfield Village",1
"Gregory Kassapian & Partners",1
"Grey Drizzle Fibers",1
"Grimslättgard",1
"Groove",1
"Gulf Islands Spinning Mill",1
"Gumnut Yarns",1
"guttersnipe yarn",1
"Gwenyth Glynn",1
"Hageo Holland",1
"Halftone Artisan Handpainted Yarns",1
"Hand Over The Wool!",1
"Handdyed Wool",1
"handgesponnen.at",1
"Handspun and Dyed Too",1
"Handspun by Stefania",1
"Happiest Girl! Dyeworks",1
"Happy Sheep Yarn Studio",1
"Happy Strick",1
"Harrison's Hand Dyed",1
"Hawe",1
"Heartstrings Hand Dyed Yarns",1
"Heavenly Wools ",1
"Heidi's by Hand",1
"Heikes dyed im Schwedenhaus",1
"Henceforth Yarns",1
"Heritage Yarns",1
"Het Zwarte Schaap",1
"HIC Librett",1
"Hidalgo",1
"Hidden Touch Natural Yarns",1
"Hideaway Hills Alpaca",1
"High Head Castle",1
"High Weald Fibre Factory",1
"Higher Gills Farm",1
"Highland Crafters ",1
"Hill Country Yarns",1
"Hill Farm ",1
"Hilltop Handspun",1
"Hilos y Estambres San Ángel",1
"Holiday",1
"Holly Road Fiber Farm",1
"Home Collection",1
"Homespun Natural Dyed Wool",1
"Honeypot Yarns",1
"Hooplayarn",1
"House of Hachi",1
"House of Yarn",1
"Hovland",1
"HR Knits",1
"Huber Wolle",1
"Hübner Wolle",1
"Hulla's Holzgesockse",1
"Humaknitty Fiber Arts",1
"Icelandic",1
"Idee",1
"IGH-Wollversand ",1
"Ihan kiva lanka",1
"Il de France",1
"Ilan",1
"Ilaria srl Firenze",1
"Ilves",1
"In Dyer Straits",1
"indieknits",1
"Infitex",1
"Iria Yarn Company",1
"Irish Meadows",1
"Iriss of Penzance",1
"Isaar Wolle",1
"Isle of Auskerry",1
"Ital Spain Enterprises Ltd.",1
"Italana",1
"Jager Farm Icelandics",1
"Janice Rosema Handspun",1
"Jeanet Koek",1
"Jeanette Sloan",1
"Jellyfish Knits",1
"Jennmark Alpacas",1
"Jeny Originals",1
"Jilly Knitwear",1
"Jojo's Handspun Yarn",1
"Joruns",1
"JuBe",1
"Judi & Co.",1
"Julibeans",1
"Julie's Handspun Yarns",1
"Juno Garn",1
"Kamvol",1
"Kanaga House",1
"Kangerlussuaq Tourism A/S",1
"karlaA",1
"Kasha's Knits",1
"KATAG",1
"Kathryn Alexander Designs",1
"Kattens",1
"Kaufhof AG",1
"KDR",1
"Keegan Lane Yarns",1
"Keepinknitreal Handpaints",1
"Kentucky Blue Fiber Company",1
"Keystone Art & Craft",1
"Kilnwood Alpacas",1
"Kindred Spirits",1
"Kindred Threads",1
"Kinsie Wool Shops",1
"Kitty Knits",1
"Klarabela",1
"Knatters Knits Handspun Range",1
"Knit Clinic Yarns",1
"Knit Fit Knitting",1
"Knit Kit Jewelry",1
"Knit One Purl Two",1
"Knit Outta the Box",1
"Knitability",1
"Knitarin - handgefärbte Unikate",1
"KnitBeads Yarn",1
"KnitCave",1
"KnitKnots",1
"Knitted to a T",1
"Knitting Cool",1
"Knitting Knorth",1
"Knitting Like Crazy",1
"Knitting My Way Home",1
"Knittique, Inc.",1
"Knitty Gritty Yarn Shop",1
"Knot Just Yarn",1
"Knot Your Nanna's Knits",1
"Kolibri",1
"Kroton",1
"KUAS Yarns",1
"Kudel Кудель",1
"Kurt Hesse",1
"L.A.M.",1
"L.U.P. Angora",1
"La Ferme du Val Dampierre ",1
"La Mer",1
"La Socke",1
"Labadie Looms",1
"Lady of color und ihre Fee",1
"Lainelle",1
"Laines des Trois Frontieres",1
"Laines du Bois Joli",1
"Lambs Ears Yarns",1
"Lan Yang",1
"Lana Liza",1
"Lana Mama",1
"Lana Stoopen",1
"Lanas Margarita",1
"Lanas Nahum",1
"Lanas Urbano",1
"Lands' End",1
"Lane Monterosa",1
"Lanidor",1
"Lanificio del Peru S.A.",1
"Lanificio Luna Emilio",1
"Lara's Trends",1
"Larpeiradas Yarn",1
"Laughing Rat Studio",1
"Laughing Tree Farm",1
"Lavender Fleece",1
"Lazar Beam Yarns",1
"Lazer Sheep Yarns",1
"Lazy Bee Yarn",1
"Lazy Cat Yarns",1
"LC Alpaca Yarn",1
"Le Vieux Rouet",1
"Let's Knit Magazine",1
"Lettuce Knit",1
"Liat's Fiber Fun",1
"Liberty",1
"Lil Bit of Heaven Fibers",1
"Lilly",1
"Lilly Landfein",1
"Lily Mills Co.",1
"limejuicy",1
"Limonene Designs",1
"Lindsey Wools Shipley",1
"Linea Itália",1
"Little Alice's Yarn Stash",1
"Little Bit Fae",1
"Little Frog Pond",1
"Little Houndales Knits",1
"Little Trunks Knits",1
"littlelotus",1
"Local Pastures",1
"Lokateks",1
"Long Island Livestock Company",1
"Longdendale Yarns",1
"Loop Knittery",1
"Lotus Cat Yarns",1
"Lovelyarns",1
"Lucca Dot Yarn",1
"Luigi Botto",1
"LuLu's Yarns",1
"LushMommy",1
"Luvin' Ewe Designs",1
"Lux Yarn Company",1
"Luz Color",1
"Lydia's Lovelies",1
"M & Tim Hand Dyed",1
"Macedonia",1
"Made by Ewe",1
"Madejas",1
"Mäe Maatalu",1
"Magic Stix",1
"Mahopac ",1
"Maisa Tikkanen",1
"Maiwa Handprints Ltd.",1
"Makalu Yarns",1
"Malina Creslan",1
"Mallia Molokotou",1
"Malsens",1
"mamachica's ",1
"Manetto Hill Yarnery",1
"MANUOSH",1
"Marfil Yarns",1
"Maria Ortiz",1
"Marias Garn",1
"Marigold Silk",1
"Mario Niccoli",1
"Markno - Go Green",1
"Marotex",1
"Marthur Farmer",1
"maude & me.",1
"Maverik Yarns",1
"Maypole Worsted Yarns",1
"Meine kleine Wollwerkstatt",1
"Melissa Laurel Fiber Artist",1
"Merinos Extrafine",1
"Merribee",1
"Metlon Corporation",1
"Micamynx",1
"Michaeline Marie Fiber Artist",1
"Midnight Spectrum",1
"Mill House Designs",1
"Mill Shop",1
"MINKA Fair Trade",1
"Minlon",1
"Misty Meadow Alpacas",1
"Mitsubishi Rayon Co Ltd ",1
"Mobair by Victoria Smedley",1
"Mohair South Africa",1
"mont blanc",1
"Moondogswife Spins",1
"Moonshine Fiber Company",1
"moonspinning",1
"Moscow",1
"Moscow LAMA",1
"Mostly Merino",1
"Mothy and The Squid",1
"Mountain Farm",1
"Mountain View Farm",1
"Mousquetaire",1
"Mt. Airy Farm",1
"MTG",1
"Muetzelfabrik",1
"Mujirushi 無印良品",1
"Mulberry Yarns",1
"Mulcahy Redmond & Co. (1934) Ltd.",1
"Musk Ox Farm",1
"Mützenhäkelgarn",1
"My Colours",1
"My Little Sheep",1
"My Little Turtle",1
"My Old Kentucky Home Spun",1
"Myrobolan",1
"Mystical Creation Yarns",1
"N.Y Wool Yarn Co.",1
"Nakyang Knitting Yarn Co.",1
"Namaste Sathi",1
"Nancy's Knit Knacks",1
"Nandia Cashmere",1
"Nanny's Spin on Things",1
"Nationwide Distributors and Marketing Limited",1
"Natur-ally",1
"Natural Fiber Producers",1
"Natural Obsessions",1
"Natural Yarn",1
"Naturals",1
"Naturwolle",1
"Nederlanse Wolfederatie",1
"Needlecraft Corporation of America",1
"Needlework's Pleasure",1
"Nelapsa",1
"New England Alpaca Fiber Pool Inc.",1
"New for Knitting",1
"Newlands",1
"Niccoli",1
"NKI",1
"nobody Dyes",1
"Noda",1
"Noella",1
"Nomadicyarns",1
"North Loop Yarn",1
"NorthStarAlpacas",1
"Not Just Yarns",1
"Notlwonk Springs",1
"Novitex, Inc.",1
"Nuove Lane Fiorentine",1
"Nurturing Threads",1
"Nystverket",1
"Odelia Farms",1
"Oedekerk's Peddler's Pack",1
"oi goi ",1
"Okay Knits",1
"Okiteks",1
"Oldfield Creek Sock & Yarn",1
"Oliver Boliver",1
"Olympienne Creation",1
"One Alaskan Mama",1
"One of a Kind SA",1
"One of a Kind Yarns",1
"One World One Dream",1
"Ontario Mohair Co.",1
"Ophelia Italy",1
"Orenshal",1
"Oriri Draco Design",1
"Oro Inca",1
"Osborn Fiber Studio",1
"Other Kingdom",1
"Ovis Garn",1
"Övünç",1
"P.I.C. Yarn Collection",1
"p2tog",1
"Pajukannan perinnetila",1
"Palmer Family Farm",1
"Pam Murray Fibres & Yarns",1
"Panorama Fiber Arts",1
"Paperphine",1
"Papillon",1
"PassionKnitErnst",1
"Patons & Baldwins",1
"Paude's Passion",1
"PeCore",1
"Peddlers Pack",1
"Peenvillane Lõng",1
"Pembroke Farm",1
"Penelope's Fine Yarns",1
"Perfect Peds",1
"Phelpsie Phibers",1
"Philter Yarns",1
"Phun With Phiber",1
"Pierre Cavallo",1
"Pilmaiquen",1
"Pine Woods Yarn",1
"Pink Carrot Creations",1
"Plaetzsch",1
"Plaid Enterprises",1
"Pocket Pocket",1
"Polana Ranch",1
"pollika",1
"Pollyorange",1
"Poppleton",1
"PortFiber",1
"Post Script Yarns",1
"Potentiality",1
"Powerful Yarns",1
"Prairie Daisy Handspun",1
"Prairie Retreat Farm",1
"Primrose",1
"Profilo",1
"Project B",1
"Promofil",1
"Prym",1
"PugLove Dyeworks",1
"Pumpkinbelle",1
"Purl&Jane",1
"Purls of Yarn",1
"Queens County Yarn Company",1
"R & N Beattie Partnership",1
"R & N Brännvall",1
"R. Stein Yarn Corp. Ltd.",1
"Rach-Al-Paca",1
"Radioactive Rabbit Hand Painted",1
"Rainbow Fleece Farm",1
"Rainbowlicious Yarns",1
"Rambling Rose Yarns",1
"Ranch of the Oaks Wool",1
"Rapallo",1
"Raumer S.p.A",1
"Rebel Yarn",1
"Recipe for a yarn",1
"REcraftery",1
"Red Bay Yarns",1
"red comb farm ",1
"Red Rocks Fiber Works",1
"Reflections",1
"Regina",1
"Renaissance Yarns",1
"Repco",1
"Riabella",1
"Richard Wernekinck ",1
"Ricignole",1
"Riolis",1
"Rising International",1
"Rising Meadow Farm",1
"Robin J. Edmundson",1
"Robison Anton Textile Co",1
"Roclans Farm",1
"Roe of Purls",1
"Rohwer's Farm ",1
"Romanofir S.A. ",1
"Romney Marsh Wools",1
"Rose Unraveled",1
"Roundup Wools Inc.",1
"Roving Acres",1
"Royal by Castor",1
"Royd Moor",1
"Ruby Sapphire Yarns",1
"Runakay Alpaca",1
"Runoff Italy",1
"Rusty Rocks Farm Alpacas",1
"Ruth and Belinda",1
"Ruukin Kehräämö ja Puoti",1
"Ruzicka",1
"S + S",1
"Sabin's Farm",1
"Sagnlandet Lejre",1
"Sahilba",1
"Salt City Fiber Works",1
"Samurai Knitter",1
"Sanli",1
"Sapphires-n-Purls",1
"Sarandipity Handmade",1
"Sato Seni Co., Ltd",1
"Scanfil",1
"Schafenfreude Fibers",1
"Schirp & Steen",1
"Schoeller",1
"ScienceMonkey Fibers",1
"Scottish Spinners",1
"Sea Ranch Woolworks",1
"Seattle Sky Dyeworks",1
"Sequoia Dyeworks",1
"Serenity Stitches",1
"Shades of Light ",1
"Shani wool",1
"Sharing",1
"Sheep House",1
"Sheepish by Sarah",1
"Sheeps and Peeps",1
"SheepStrings Yarn Art Studio",1
"Sheepy Fibres Etc",1
"Shekinah's Alpacas",1
"Shelana",1
"Shepherd's Hey Farm",1
"Shepherds Bay Farm",1
"Shiloh Wool",1
"Shilpa from Bengal Industries, India",1
"Shy Violet",1
"Si",1
"SILF Butterfly",1
"Silkwood ",1
"Silver Cloud Farms",1
"Simis Sockenwolle",1
"Simpsons",1
"Simpsons-Sears",1
"Sjuntorp (Belgium)",1
"Skeins in the Stacks",1
"SKIF International",1
"Sky Loom Weavers",1
"Small Farm Fibers",1
"Smoochie",1
"snerb Yarn and Fiber",1
"Snoqualmie Valley Yarn",1
"Sock Yarn Maniac ",1
"Socks & Co",1
"Sojourner Design",1
"South Fork Farms",1
"South Wool",1
"Sozo",1
"Spectrum Dyed Yarns",1
"Spindle City Yarns",1
"Spindlefrog",1
"Spinneretta's Studio",1
"Spinning Mule Fibers",1
"Spinning Sheep Yarn",1
"Spotted Circus Alpacas & Llama",1
"Spring Harvest Farms",1
"Springtide Farm Yarn",1
"Springvalley Yarns by Alabama Fiber Dreams",1
"Springwater Fiber Workshop",1
"sqwish",1
"Star Crafts ",1
"StarKnits Yarn",1
"Starry Night Alpacas",1
"Stash Fine Yarns",1
"Staufen Wolle",1
"Stella Melange",1
"Stick Chick Designs",1
"Sticky Peas",1
"Stillwater Island Alpacas ",1
"Stitch Diva Studios",1
"Stitched Bliss",1
"Stockton Yarns",1
"Storm in the Attic",1
"Storybook Art & Fibre",1
"strickliesel",1
"Strickoholic",1
"Strickwear",1
"String Theory Fiber Arts",1
"Strings N Things",1
"Striped Stitches",1
"Studio Tricot",1
"Studio Yarn",1
"Sugarhouse Woolworks",1
"SugarPurl Yarns",1
"Sunmeadow Alpacas",1
"Sunrise Haven Farm",1
"Sunshine Wool Works",1
"SuperFox Rocks",1
"SureStitch",1
"Surfing Ducks",1
"Suri-Al Fibers",1
"SussesSpindehjrne",1
"Suzy Parker Yarns",1
"Suzy the Shepherdess",1
"Swan Hollow Studio",1
"Swedish Girl Hand Dyes",1
"Sweet Basil Fibre Works",1
"Sweet Knitted Bottoms",1
"Sweet Tree Hill Farm",1
"Sweitzer Alpaca Farms",1
"Sweitzer's Fiber Mill",1
"Swift River Farm",1
"T-Ray Woolies",1
"Tangled Yarns",1
"Te Awa Wools",1
"Templetons",1
"That Hooker Chick's Yarn",1
"The Alpaca Yarn Company",1
"The Barbed Dragon",1
"The BeadSmith ",1
"The Brave Little Thread",1
"The Counting Sheep Farm",1
"The Dirt Fairy",1
"The Dye Guys",1
"The Fox Hop",1
"The Full Bobbin",1
"The Good Sheep ",1
"The Green Wheel ",1
"The Grinning Cat",1
"The Handspinner Having Fun",1
"The Hebridean Woolshed",1
"The Hen House",1
"The Homestead Hobbyist",1
"The House of Hemp",1
"The Irish Ewe",1
"The Jewell's Handmades",1
"The Knitting Shop",1
"the knitting traveler",1
"The Mercerie",1
"The Silk Lab",1
"The Silk Tree",1
"The Spinning Daisy",1
"The Spun Monkey",1
"The Sugared Sheep",1
"The Wool Peddler",1
"The Works ",1
"Theodora's Pearls",1
"This and That Farm",1
"Thistledown Yarn",1
"Thy Lam",1
"Tiboodoo's",1
"Tidal Yarns",1
"Tinctured String.",1
"Tinsel Factory Fibers",1
"Tinted Tangles ",1
"Tiny Dino Studios",1
"To-Ply Fiber Arts",1
"Traub Wolle",1
"Travelling Threads",1
"Trefriw Woollen Mills",1
"Tregellys Fibers",1
"True Love Fiber",1
"True2Ewe",1
"Truly Twisted",1
"Turkey ",1
"Turn",1
"TurtleDove Yarns",1
"TVI Majsperk",1
"Twilight",1
"Twinboysan",1
"Twist of Fate",1
"Twisted Sheep",1
"Two Sisters Stringworks",1
"Tyddyn Bryn",1
"Type A Fibers",1
"U2B-Textil UG",1
"UAB \"Lama\"",1
"Uberknits ",1
"Uberwench Studios",1
"Uilenstad Wol & Schapen",1
"Uldgaarden",1
"Ullinek",1
"Unique Handspun",1
"Unique Housewares",1
"Upstream Alpacas",1
"Valley Ridge Yarns",1
"Van Der Rock Yarns",1
"Velbujd",1
"Velveteen Alpacas",1
"Venus Yarns",1
"Victory Farm Alpacas & Store",1
"Vigona Svitavy",1
"Vimar",1
"Vitka Textiles a.s., 56904 Brněnec",1
"Vizell",1
"Vogue",1
"Vreseis Ltd",1
"VTC",1
"VvS Painted Yarn",1
"Water Wheel",1
"Wayside Weeds and Wools",1
"Weft Industries",1
"Wellspring Woolens",1
"Weltus",1
"Werdenfelser Schafwolle",1
"West Coast Colour",1
"What the Flock Hand Dyed",1
"Wheeldale Woolcrafts",1
"White Lies Designs",1
"Whitefish Bay Farm",1
"Wilda",1
"Wildfire Dreams",1
"Wildflower Whimsy",1
"Windblest Farm",1
"Witches Brew",1
"WoHa Norderstedt",1
"Wolfe Island Woolworks",1
"WollArt",1
"Wollbaer Hamburg",1
"Wollbombole",1
"Wolle-Online",1
"Wollglöckchen",1
"Wollinchen",1
"Wollschere",1
"Wollsisters",1
"Wollspinnerei Vetsch",1
"Wonoco Yarn Co",1
"Wool Kiln",1
"Wool Republic",1
"Wool Shed",1
"Wool Works",1
"Woolarina",1
"Wooldancer Art Yarn Designs",1
"Woolen Collectibles",1
"Woolen Mills Glendalough",1
"WoolKiss",1
"Woolly Chic",1
"Woolmart Wools Ltd",1
"Woolrush",1
"WoolSundae Yarns",1
"Wooly Wench",1
"World of Difference",1
"Worldyarns Group",1
"Wrap Around Purl",1
"WS-Textil",1
"Wupperschaefchen",1
"WZ Felt and Yarn",1
"Xpressions",1
"Yarn and Socks",1
"Yarn Barn of San Antonio Fibers",1
"Yarn D'Amour",1
"Yarn Dyenasty",1
"Yarn In XS",1
"Yarn Industries, Inc.",1
"Yarn Nerd",1
"Yarn Oddities",1
"Yarnahoy",1
"Yarnie Nana's Hand Painted Yarn",1
"Yarns & Beyond",1
"Yarnsmith's Pure Alchemy",1
"yBsquare",1
"York",1
"Yorkshire Rose Farm",1
"Yoshida Seni",1
"Yummee Yarn",1
"Yummy Yarns UK",1
"Zanz",1
"Zebisis Designs",1
"Κ. ΜΙΧΑΛΟΠΟΥΛΟΣ Α.Ε.",1
"Индустрия Italiana Filati",1
"Филати (Filati.ru)",1
"อุ่นไอรัก Oonairak",1
"創芸",1
"蒙羊 Méng Yáng",1
